,Unnamed: 0,ItemId,PromptId,Score1,AnswerText
0,1665,10_27614,10,0,"轻灰色:如果狗屋是黑色或暗灰色,它会给狗很热。 如果它是白色的,它可能对g做太冷,所以我决定Ligh同性恋是一个好颜色。"
1,501,10_26450,10,0,"轻灰色:轻灰色将是一个很好的颜色,因为如果你使用黑色,那么它会吸引来自太阳的能量,导致太阳击中狗的房子,狗会变热。 所以,如果我们使用光线,它会轻微地吸引一些来自太阳的能量,因为颜色是黑色和白色之间的混合,使狗狗的正确的温度。"
2,976,10_26925,10,0,轻灰色:轻灰色不会以任何方式影响狗屋。
3,658,10_26607,10,0,"白色:他们颜色为白色,因为它在轨道上更少的阳光。"
4,451,10_26400,10,0,白色:它不是黑暗
5,335,10_26284,10,0,白色:白色可能让阳光进入狗屋
6,1708,10_27657,10,0,白色:因为白色吸引最少的能量 y
7,490,10_26439,10,0,"黑色:黑色,因为它对空气温度产生影响,并且吸收更多的能量。"
8,1244,10_27193,10,0,"黑灰色:因为他感觉不好,不喜欢它,他不睡觉。"
9,963,10_26912,10,0,"黑色:如果狗屋是黑色的,它会吸引来自太阳的光线到狗屋,这会让狗在外面保持温暖。"
10,719,10_26668,10,0,"黑灰色:狗屋子的轻灰色颜色会让它在里面消失,因为它在每个实验中都保持不变。"
11,375,10_26324,10,0,黑暗灰色:易于照亮使留下龙
12,338,10_26287,10,0,"黑色:黑色会影响狗屋,因为黑色C气味会吸收更多的能量。"
13,1253,10_27202,10,0,白色:因为白色不会像其他颜色一样吸引这么多h吃。
14,1257,10_27206,10,0,轻灰色 :: 不同的颜色影响狗屋的颜色 aff ect 狗屋的热量
15,1186,10_27135,10,0,黑灰色:即使在干燥后也将保持相同。 ( )
16,597,10_26546,10,0,"黑色:黑色可能会影响狗的房子,因为黑色是四种颜色中最可怕的颜色。"
17,1990,10_27939,10,0,"白色:因为白色不会吸收热量,因为它不是一个暗色。"
18,141,10_26090,10,0,黑色:所以狗狗会在晚上保持温暖。
19,1513,10_27462,10,0,"黑色:他们会使用黑色,因为黑色比其他颜色保持热量更好,所以不希望有狗冷,所以B缺乏是最有情感的颜色。"
20,773,10_26722,10,0,白色:白色
21,1159,10_27108,10,0,"黑色灰色:它可能使狗屋在几个月内更热。 例如,暗灰色油漆的平均热量为48(DEG)C"
22,568,10_26517,10,0,"黑色:这种颜色可能会影响狗的房子变得黑色吸收最多的能量。 结果显示,黑色涂层颜色平均为53(DEG)C。"
23,182,10_26131,10,0,白色 :: 可能影响狗屋的颜色是t他白色灯泡它是那种比其他三种颜色少
24,707,10_26656,10,0,"白色:它不会影响它,因为白色不会吸收太多的能量,不会像黑色一样热量。"
25,66,10_26015,10,0,白色 :: 它会影响狗的房子 由 temp in si de 变成 wight atracks 更少的身高
26,2166,10_28115,10,0,黑色灰色:它将保持温度相同的所有时间
27,644,10_26593,10,0,黑色 :: becouse the dog house would look dirty 看起来很脏
28,1477,10_27426,10,0,白色:白色不会像暗色一样吸引热量
29,1783,10_27732,10,0,"黑色灰色 :: 我的颜色是黑色灰色它可能会影响内部,因为它会让它看起来可怕"
30,1933,10_27882,10,0,"白色 :: 白色吸引了更少的热量,所以狗不太热或太冷"
31,552,10_26501,10,0,"白色:白色不会影响它,因为在 wi nter 没有太阳,所以颜色不会有什么区别,但在 t 他夏天它会是相同的,因为太阳不会影响白色 e 特别热。"
32,1412,10_27361,10,0,
33,1345,10_27294,10,0,"问:他们想让狗的房子更温暖吗?如果他们想让狗的房子全年温暖,选择黑色油漆。 如果他们想让狗屋全年更凉爽,那么选择白色油漆。 如果他们想让狗的房子变得温暖,选择灰色油漆。 如果他们希望它是冷米,选择轻灰色油漆。 没有必要的信息来告诉你所要求的"
34,1506,10_27455,10,0,"黑色灰色:我选择黑色灰色,因为,在我居住的地方,它可以相当冷。 暗灰色可以在冬天和晚上给狗狗提供温暖,而不会过度加热狗屋。 希望在夏天,狗狗能够跑到周围,不必担心在狗屋里变热。 我认为你的问题太模糊了。 这真的取决于气候和狗的品种。"
35,34,10_25983,10,0,黑色:因為它是如此的嚴格
36,1803,10_27752,10,0,黑色灰色:因为它可以捕捉一些阳光
37,2088,10_28037,10,0,"黑色:黑色,因为在实验中它表明黑色保持热量。"
38,593,10_26542,10,0,"黑色:颜色可能会影响狗屋,因为狗的颜色就像他们把狗屋上的颜色,或者狗屋的颜色是黑暗的,或者是为了狗。 并计算并重新排序每个盖子颜色的平均空气温度。"
39,1958,10_27907,10,0,白色:白色的灯会让狗屋里有光。
40,1056,10_27005,10,0,"黑灰色:黑灰色对狗来说是一个很好的颜色,因为它会在冬季保持狗屋温暖,在夏季,狗会花大部分时间在家外。 该实验的结果是48(DEG)C固体,所以这对狗屋来说是一个很好的温度。 不是太热,也不是太冷。"
41,1294,10_27243,10,0,"白色:这种颜色会影响狗屋,因为白色的颜色将允许更多的空气在狗屋一次。"
42,1979,10_27928,10,0,"我认为布兰迪和杰里应该使用暗灰色涂料,因为这样狗屋的内部对狗屋来说是凉爽的,当它的外表是热的,不像其他三种涂料颜色会吸引太阳,使它在狗屋里变得热,而且狗也不会有睡眠问题,因为光线通常会真正反射到狗屋里,在试图睡觉时打扰狗。"
43,761,10_26710,10,0,light grey :: 也许有别的东西围绕着那种颜色
44,505,10_26454,10,0,"白色:它可能会影响它(DEG)c级别的狗的房子,它将使它不像其他颜色那么冷,所以它是一个HOTTER温度。"
45,903,10_26852,10,0,白色:这种颜色会通过比它们的 res t 更多的热量。
46,1765,10_27714,10,0,白色 :: 白色色将转移更多的阳光
47,1454,10_27403,10,0,"暗灰色:暗灰色,因为如果你使用这个颜色,d og房子将是大约48度,狗房子不会太冷。"
48,762,10_26711,10,0,"黑色:黑色可能会影响它,因为颜色越暗,它会吸收更多的能量。"
49,918,10_26867,10,0,"白色:白色会反射热量,所以狗不会变热"
50,11,10_25960,10,0,"白色:白色将反射太阳光,就像白色盖子反射了实验中的灯光一样。"
51,1266,10_27215,10,0,"黑灰色 :: 我选择黑灰色,因为它将是一致的48(DEG)c我知道,因为在表中 每个试验是48(DEG)c。"
52,1743,10_27692,10,0,黑色 : fdddfddf
53,1986,10_27935,10,0,白色:狗的房子是保护和阴影的狗 a nd 白色不吸引热量
54,878,10_26827,10,0,"白色:有白色漆的屋顶将在夏天反射热量,所以狗不会在里面过热。"
55,1883,10_27832,10,0,"黑灰色 :: 布兰迪和杰里应该使用黑灰色,因为这将是一个舒适的温度为狗在48(DEG)c, wich数据说这是平均"
56,98,10_26047,10,0,"白色:它会开始像变老,它不会看起来像新的,它将有像皱纹和泥和一些黑色东西"
57,1414,10_27363,10,0,光灰:它会让能量进出......
58,364,10_26313,10,0,轻灰色:它将加热狗屋只足以 b e 完美的温度。
59,1222,10_27171,10,0,"白色:这会影响狗屋,因为在狗屋里往往会有很大的压力。 那么狗想要舒适。"
60,1291,10_27240,10,0,"黑灰色:它可能会影响狗的房子一点。 我选择黑色灰色,因为它是平均的。"
61,661,10_26610,10,0,绿色:Eeee
62,1720,10_27669,10,0,"轻灰色:它可能会使它看起来不那么好,但它也将更凉爽,因为黑色允许热量不在外面。 晚上里面也会更轻。"
63,769,10_26718,10,0,"因为狗只能看到轻灰色或暗灰色,他更容易看到他的狗屋吗?"
64,1088,10_27037,10,0,"白色:我说白色,因为狗的房子已经在没有油漆的情况下变得温暖。 和白色油漆的狗屋已经像40(DEG)。 因此,阳光照在狗身上,在白天将狗屋放到80(DEG)内。 那么一个晚上狗屋将在60年代的某个地方"
65,158,10_26107,10,0,黑色:木材将是热的
66,897,10_26846,10,0,"光灰:如果更暗的颜色吸收更多的热量,那么我认为这意味着它也吸收了寒冷的温度。 所以要保持一个平衡的平衡,我会说颜色光灰是最好的选择。"
67,359,10_26308,10,0,"黑色:黑色会影响狗的房子,因为白色是一种能量颜色。"
68,554,10_26503,10,0,"白色:白色可能是画狗屋的最佳选择。 它会保持在约42(DEG)C的温度,这种颜色不会像黑色或暗色一样吸引热量。 所以我认为这将是最好的选择。"
69,5,10_25954,10,0,"黑暗的颜色 The darker of color the, the hotter it g ets"
70,947,10_26896,10,0,"黑灰色 :: 當雨或變冷的狗屋將是溫暖的,如果它是溫暖的我們的狗可以在一些陰影"
71,1860,10_27809,10,0,"黑色灰色 ::如果狗屋里有污,很难看到它"
72,943,10_26892,10,0,白色:是吸引最少热量的颜色。
73,516,10_26465,10,0,白色:你做你的字母
74,41,10_25990,10,0,"轻灰色:我选择轻灰色,因为它不会让狗感到悲伤。"
75,274,10_26223,10,0,"白色:当太阳降临时,狗屋将温暖,但它不会那么热,它将更接近狗的室温。"
76,1683,10_27632,10,0,"黑色:颜色可能会影响狗屋外部,因为在夏天它可能会变得更轻,在冬天它可能会变得更黑。"
77,789,10_26738,10,0,黑色:它会变得多热
78,881,10_26830,10,0,轻灰色 :: 这种颜色会在炎热的夏天给温度一个新鲜的风吹; 秋天
79,32,10_25981,10,0,"黑色:我选择黑色,因为太阳不会反射黑色,它不会影响狗屋内。"
80,1641,10_27590,10,0,"白色 :: 它会影响狗屋,使其漂亮和新鲜的狗屋内"
81,821,10_26770,10,0,"黑色太黑了,它会使狗狗,白色太轻,它会很快变得脏,所以灰色不会让它很快变得脏和沮丧。 它会让狗狗过敏和M ore兴奋。"
82,1240,10_27189,10,0,"黑色:我会让狗在晚上更温暖,在寒冷的冬天。"
83,1787,10_27736,10,0,黑色灰色:龙灰色不会过热狗或改变其温度
84,257,10_26206,10,0,"白色:使用白色来绘制狗的房子会使狗的房子是空气温度的最低增加,然后他其他颜色。 狗的房子在每个试验的24度开始。 狗的房子将是大约42度,我知道,因为第一次试验是42度,第二次试验是43度,第三次试验是41度下降。 平均温度为42度,所以前白是最佳的颜色。"
85,2127,10_28076,10,0,":他们喜欢它,因为他们喜欢狗的房子"
86,252,10_26201,10,0,"黑暗灰色:黑暗灰色威尔会影响狗的房子,不管狗狗是什么颜色,房间仍然是黑暗的。"
87,513,10_26462,10,0,黑色:我最喜欢的颜色
88,1519,10_27468,10,0,"白色:我选择白色,因为如果狗屋外侧面,那么白色会吸收足够的能量,让狗狗保持温暖。"
89,1131,10_27080,10,0,"白色:它可以变得脏,你可以把它涂在agia上,你可以画在墙上。"
90,585,10_26534,10,0,白色:我认为白色是因为它会保持最热。
91,824,10_26773,10,0,"黑色:它会使它吸收更多的能量,"
92,1845,10_27794,10,0,白色:所以你可以看到狗在他的房子里
93,1876,10_27825,10,0,白色:狗狗好在狗狗使用中更舒适。
94,1518,10_27467,10,0,白色:这种颜色可以在直射阳光下保持狗屋的凉爽。 这可以使它对动物更舒适。
95,1235,10_27184,10,0,白色:泰色将吸引如此多的热量
96,718,10_26667,10,0,"轻灰色:轻灰色将是画狗屋的最佳颜色,因为它不会像黑色和暗灰色一样吸引很多热量。"
97,622,10_26571,10,0,白色:狗屋子的颜色影响了室内温度。
98,779,10_26728,10,0,黑色灰色 :: 它会使狗的房子一个良好的温度
99,1538,10_27487,10,0,"轻灰色:轻灰色将使马王的狗屋更明显,而且狗只能看到黑色,白色和灰色。"
100,629,10_26578,10,0,"白色 :: 因为白色是调制一个 ll 光的颜色,以防止光线在产生热量时浸泡"
101,1474,10_27423,10,0,"白色:更暗的颜色会吸收热量更快,而更轻的颜色。"
102,1854,10_27803,10,1,"白色 :: 白色将工作好原因,以这种方式 Dogh Ouse 不会变得热,它将更舒适。"
103,1758,10_27707,10,1,"白色:白色将反射热量,所以狗屋将是凉爽的"
104,37,10_25986,10,1,"黑灰色:它会使它比轻灰色或温暖的狗屋更温暖,但比黑色的狗屋更凉爽。 这是更好的,因为d ogs通常使用狗屋在冬季躲避雨,我的 colo r将保持温暖。 然而,它们也用于夏季,因此不应该是黑色的,因为这会使它在夏季不可用。"
105,1113,10_27062,10,1,"黑灰色:第一,你住在哪里,如果它总是战争,我会涂上轻色。 但是,如果你住的地方总是旧的,我会涂上黑色的颜色。 我的理论是,如果天气总是温暖,你的狗会保持温暖。 你的狗狗会在黑夜或晚上温暖,当你的狗狗房子是黑色的。 黑色的色彩正在吸引能量。"
106,1879,10_27828,10,1,"白色:白色是最好的颜色,因为它比任何其他颜色更好地反射太阳光线。 它不会使内部变得热"
107,640,10_26589,10,1,"白色:这会影响狗屋,因为在夏天狗会保持凉爽,不会发热,但在冬天它不会比如果狗屋是黑色的更冷。"
108,259,10_26208,10,1,"白色:如果你画狗屋白色,里面会比你画黑色更有色。 由于黑色吸收更多的能量,它会比涂成白色更快地变热。"
109,1755,10_27704,10,1,黑色 :: I think balck so it willl keep it insolated 一种温暖的狗
110,1635,10_27584,10,1,"白色:如果你住在一个热的地方,狗屋将不那么热,因为白色反映了狗屋的大部分光线。"
111,1033,10_26982,10,1,黑色:比其他颜色更温暖
112,448,10_26397,10,1,"白色:实验表明,如果颜色是whi te,对象就越热。 因此,如果布兰迪和杰里画它白色,那么如果它是黑色的,狗不会那么热。"
113,650,10_26599,10,1,"白色:使用白色来绘制狗屋会影响其温度,因为它吸收了太阳最少的热量,回归到“热灯”实验,我们知道whi te吸收了最少的热量,因为在所有3次试验中,白色盖子吸收的平均热量是42(DEG)10分钟后,t帽只有18(DEG)C高于它开始的温度(24(DEG)C)。 这就是我们如何知道用哪种油漆为狗屋。"
114,23,10_25972,10,1,"轻灰色 :: 狗屋应该是轻灰色的,因为它不会吸收太多的热量或太少的热量,所以狗不会太热或太冷它将是正确的"
115,1431,10_27380,10,1,"白色:布兰迪和杰里应该画他们的狗屋白色。 这是因为在夏天,当室外的温度变高时,狗屋的内部对狗狗来说会更凉爽。 这会使更暗的颜色吸收更多的光广告热能。"
116,48,10_25997,10,1,"光灰:在阳光明媚的日子里不太热,在云彩的日子里也不太冷。"
117,1306,10_27255,10,1,"白色:白色是最冷的,大多数狗都有很多毛皮,所以白色最好。"
118,583,10_26532,10,1,黑色灰色 :: 它会保持一个好的温度不太 wa rm 和不太冷
119,1977,10_27926,10,1,白色:它会反射热量并保持内部凉爽
120,1896,10_27845,10,1,"它可能会影响狗的房子,因为如果它太热,那么狗会变得太热,如果它太冷,狗会自由,所以如果它不太热,也不太冷,狗的房子将是好狗全年。"
121,657,10_26606,10,1,"白色:颜色会影响狗的房子,因为当太阳出来时狗的房子会变得更凉爽,它会看起来更好(:"
122,1757,10_27706,10,1,"白色:我会选择一个白色的狗房子,因为白色罐头的盖子温度增加最少。 它只有大约18(DEG)C增加,而黑瓶盖有一个29(DEG)C增加。"
123,561,10_26510,10,1,"黑色:他们应该让狗屋黑色,因为在消耗时的空气量是53(DEG),这就是狗狗在睡觉时想留在那里的时刻,黑色也会使狗屋在狗睡觉时变暗。"
124,2110,10_28059,10,1,"白色:如果他们用白色油漆为狗屋,房子不会对狗太热,因为在实验中他们发现颜色越暗,它吸收的能量越多。"
125,1796,10_27745,10,1,"白色:使用白色在狗的房子会回复到狗的房子里来的热量,因为它会让狗的房子更凉爽,然后那些更暗的颜色,这变成了吸收没有颜色,但它自己"
126,1201,10_27150,10,1,"白色:白色将使狗屋更凉爽,使其在炎热的天气中舒适。"
127,1603,10_27552,10,1,"狗的房子会保持更凉爽,因为白色不会吸引那么多的热量。"
128,1739,10_27688,10,1,"白色:白色房子会更好,因为它比黑色更好,因为它吸收光,使它变得更热。"
129,111,10_26060,10,1,"白色:我选择了白色,因为白色是很酷的茶叶,狗有毛皮,所以它们会更热一点。 我知道白色会是一个相当好的温度的原因是,在实验中,白色盖子平均为42度钙,所以这对狗屋来说是非常好的温度。"
130,1437,10_27386,10,1,"光灰:光灰,所以它不热,而不是老"
131,1383,10_27332,10,1,"轻灰色:轻灰色可能会影响狗屋的平均温度为45(DEG)c,所以如果外面很冷,它不会释放狗,或者如果外面太热,它不会使狗太热。 黑色有最高的Aveage 53(DEG)c,黑色灰色有Aveage 48(DEG)c,白色有最低的平均42(DEG)c。"
132,1378,10_27327,10,1,"白色:白色吸引了较少的热量,所以狗不会在非常热的日子受到伤害。"
133,1386,10_27335,10,1,"黑色:这种颜色会让狗屋在晚上和寒冷的日子保持温暖,如果这是一个炎热的日子,那么狗会无论如何在外面。"
134,341,10_26290,10,1,"轻灰色 :: 将使它在冬天温暖,而不是在夏天沸腾热。"
135,793,10_26742,10,1,黑灰色:它不会让狗太热或狗太冷。
136,1303,10_27252,10,1,"暗灰色:如果他们选择暗灰色作为狗屋的颜色,狗屋的温度不会太热或太热。 我选择暗灰色,因为黑色对狗狗来说太热,因为它们有毛皮,但白色会太冷,因为即使狗狗有毛皮,如果温度很冷,它也会变冷。 所以我没有暗灰色是最好的颜色来选择。"
137,1317,10_27266,10,1,黑色:让狗屋更温暖
138,1550,10_27499,10,1,"黑色:颜色越暗,狗屋里的空气温度越高,因为颜色越暗,会吸收更多的能量。"
139,1650,10_27599,10,1,"黑色 :: 我说它应该是黑色. 首先是因为,较少的空气会进入狗屋内,因为它的 ah 更暗的颜色 a nd plus 它平均有54(DEG)的温度在玻璃里j ar。"
140,766,10_26715,10,1,"黑灰色:冬天狗屋会保持温暖,夏天狗屋会保持凉爽。"
141,1035,10_26984,10,1,"光灰:我选择光灰,因为它不是冷的,不是热的,如果我选择一个更暗的颜色,它可能会成为狗的,如果它是一个真正的轻色,它将是冷的,并不会让他温暖。"
142,1521,10_27470,10,1,"暗灰色:暗灰色会吸收更多的热量,然后轻灰色和白色使其温暖,但不像黑色那么多,所以它不会太热。"
143,985,10_26934,10,1,light grey ::它很好地保持它从热到热
144,395,10_26344,10,1,"白色:如果他们选择白色,那么狗会比他们选择黑色更冷,这是因为黑色和灰色等暗色摄入更多的热量和能量,如果他们选择白色,它需要更少的热量和能量,所以布兰迪和杰里应该选择一个暗的气味。"
145,1971,10_27920,10,1,"轻灰色:轻灰色可以在冬天保持狗的房子温暖,但在夏天却凉爽,因为在实验中,轻灰色会收回热量,但不会有太多热量。"
146,1122,10_27071,10,1,"白色:白色不会影响狗的房子,因为白色不会吸收那么多的热量,所以狗不会变得如此热,无法使用狗的房子"
147,175,10_26124,10,1,"白色:白色将吸引比其他更少的能量,从而使狗屋更凉爽"
148,345,10_26294,10,1,"黑灰色:我选择了黑灰色,因为红色越黑,它会吸引更多的热量。 例如,在冬季,狗狗可能会感冒,所以阳光照在狗狗身上会吸收热量,让热量进入。 但有时狗狗可能不想要那么多的热量,所以我选择了暗灰色而不是黑色。 另外,另一个例子是夏季,如果狗狗不想出去,留在狗屋里,他不必那么热。 但他也可以出去,如果狗屋太热。"
149,888,10_26837,10,1,"白色:由于白色是如此的轻色,它不会吸收那么多的能量,它比其他颜色更凉爽。 更冷的离子对狗狗来说是最好的。"
150,1596,10_27545,10,1,"白色:在白色狗屋里,狗在天气温暖时会很凉爽,因为白色油漆不会吸收那么多的热量,而在冬天,这并不重要,因为无论如何都没有太多的热量可以吸收,所以不重要油漆是多么黑暗。"
151,1700,10_27649,10,1,白色:因为黑色吸引了比白色更多的热量
152,1190,10_27139,10,1,"轻灰色:它会保持狗屋凉爽,但它也会给它一些温暖,所以它不会一直冷。"
153,1678,10_27627,10,1,"白色:它会比一个更黑暗的人更冷,因为它不会像一个更黑暗的人一样吸收能量。"
154,1936,10_27885,10,1,"黑色:好在寒冷的温度,如在实验中,你希望你的狗有一个温暖的睡眠区域,所以你会选择黑色在冬天,因为这种颜色吸收了最多的热量保持狗屋温暖。 如果是夏季,你可能想使用白色或轻灰色来保持房子凉爽。"
155,1779,10_27728,10,1,"黑色: 他们应该使用黑色油漆为他们的狗的 e. 在实验中,瓶内的 iar 比第二个最热的颜色温暖5(DEG)C。"
156,1214,10_27163,10,1,白色:颜色在夏天会让狗屋更冷。
157,1955,10_27904,10,1,"白色:我认为他们应该画狗屋白色,因为当有黑色等暗色时,它会吸收它,所以最好使用白色,所以它不会在狗屋里那么热。"
158,611,10_26560,10,1,"黑色:绘制狗屋黑色将导致室内温度更高。 外面的颜色越暗,会吸收更多的热能进入狗屋。 这将有助于,因为我不会让狗狗温暖。"
159,253,10_26202,10,1,"黑灰色 :: 狗的房子在冬季将是温暖的,所以t帽子狗会是温暖和舒适的"
160,360,10_26309,10,1,"白色:这种颜色会影响狗屋,使它更冷。 如果他们住在一个热的地方,这将是最好的颜色,以c ala从。"
161,2034,10_27983,10,1,"白色:它会保持凉爽,如果它是黑色的它会对狗很热。"
162,1966,10_27915,10,1,"白色:这种颜色可能会影响狗屋的内部,因为在杰里和布兰迪的实验中,白色被证明是最酷的颜色。 相比黑色,因为黑色盖吸引了更多的光。"
163,443,10_26392,10,1,"黑色:如果它是黑色的,狗屋可能会产生更多的热量,但如果你选择一个更轻的颜色,它不会像暗色一样吸引更多的热量。"
164,874,10_26823,10,1,"白色:白色如何影响狗屋是,如果他们画它白色,它会更凉爽的狗屋内。 如果他们把它画成黑色,它会更热。 他们应该画狗屋白色,这样效果会让狗屋更凉爽。"
165,1463,10_27412,10,1,"白色:白色在这种情况下是最好的,只要我没有冷。 白色反射热量,因此哈斯基或实验室或任何狗或狼,保持凉爽和收集。"
166,1205,10_27154,10,1,"光灰色:颜色光灰色是狗家最适合的,因为它不会吸引很多热量,所以狗不会过热,但它不会冻结。"
167,1353,10_27302,10,1,"白色:如果它是一个更明亮的颜色,那么狗屋 wo 不会像你画它一个更暗的颜色一样热。"
168,1329,10_27278,10,1,"白色:狗的房子在阳光下会变得更酷,所以热热不会像漆黑一样热。"
169,1484,10_27433,10,1,轻灰色 :: 颜色将保持狗屋在一个完美的 t 温度不热或不冷
170,1040,10_26989,10,1,"轻灰色:轻灰色将使 d og 房子的温度在夏天不变热,在冬天也不变冷。 如果 d og 房子是白色的,它会有一个温度平均 42(DEG)C,如果狗房子是黑色的,它将有一个平均温度 53(DEG)C nd 暗灰色也会温暖的 48(DEG)C"
171,26,10_25975,10,1,"白色:颜色可能影响狗屋只有一点点,因为白色有最低的温度。 与B的差异相比,其平均值为53。 因此 a(n) 11 (DEG)c 差异 a 暗灰色是 a(n) 6 (DEG)c 差异。 光灰也是一个(n)3(DEG)c的差异。"
172,756,10_26705,10,1,白色:吸收更少的热量
173,936,10_26885,10,1,"白色:你想画它白色,白色不吸收那么多的热量,如达克色彩,因此;保持狗在夏季更凉爽。"
174,1795,10_27744,10,1,"白色:在图表上,白色是具有 c 最高温度的,因为光线通过了颜色,所以它不会真正热。 如图中所示。"
175,2144,10_28093,10,1,"白色:白色最适合狗屋,因为白色吸收最少的能量,让狗屋保持凉爽舒适。"
176,196,10_26145,10,1,"白色:通常狗屋只用在r的总和上,所以为了让狗狗稍微更凉爽,他们应该使用白色油漆。 bc 我学到所有的颜色都会从白色中跳出,并与他们的热度一起去其他地方很长时间。 但blck有所有的颜色,所以它吸收所有的颜色和他们的热量。 所以白色最好在表中,它显示白宫的平均温度为42(DEG)c。 黑暗灰色为48(DEG)c,黑色的av erage temp。 53(DEG)c 是 11(DEG)c 的差异。 Whitch可能非常重要。"
177,972,10_26921,10,1,"黑色:黑色吸收更多的热能,所以狗屋内的e如果有一个光源(太阳)保持温暖。 他們在瓶子上有一個黑色的蓋子,並且獲得了53(DEG) with光源是熱源。"
178,1081,10_27030,10,1,"轻灰色 :: 颜色布兰迪和杰里应该选择sh应该是轻灰色,因为如果它太暗,那么房子不会变得太热,但如果它太轻,它会更冷,然后黑色,b ut它会很脏。"
179,1504,10_27453,10,1,"白色:颜色越明亮,狗屋内的热量就越少。 颜色越黑,狗屋内的热量越大。"
180,2120,10_28069,10,1,"白色:如果布兰迪和杰里使用白色,狗的房子不会那么热,或更高的温度,因为白色吸引了最少的热量。"
181,660,10_26609,10,1,黑色:它会使狗的房子比她的颜色更热。
182,668,10_26617,10,1,"黑色:如果你有一个狗房子黑色,那么所有的rmal enegy将去它,并更温暖你的狗。 狗的房子里会很温暖,让你的狗住在里面。 正如数据显示的那样,黑色是温度最高的。"
183,2037,10_27986,10,1,"黑灰色:我会选择黑灰色,因为在夏天它会很漂亮和凉爽,在冬天它不会冻结。 时时时时时。 48(DEG),虽然所有的审判。"
184,1981,10_27930,10,1,"白色:白色有更多的能量其更冷和黑色和所有其他颜色都比白色更暗。 黑色的颜色更接近在一起,所以他们不允许那么多的光。"
185,662,10_26611,10,1,"黑色:如果狗屋是黑色的,它会吸收更多的能量,而其他颜色。 这在测试中是显而易见的,其中玻璃罐的温度为24(DEG)C,黑罐我们到53(DEG)C,而白罐只升至42(DEG)C。"
186,69,10_26018,10,1,"轻灰色:轻灰色将是那种颜色,因为你实际上画什么颜色,当你画那个房子时,在炎热的夏天,如果你画房子,它不会那么热。"
187,663,10_26612,10,1,"轻灰色:它会使它稍微比热更冷。 它对狗的房子产生不良影响,因为在寒冷的日子让狗的房子温暖,而不是在炎热的日子热。"
188,870,10_26819,10,1,"轻灰色 :: 它是一种更轻的颜色,然后它不会那么热。"
189,485,10_26434,10,1,"白色 ::是因为在炎热的一天它不会那么热在狗屋里,如果你使用白色,如果你使用b-lack狗会很热。"
190,1403,10_27352,10,1,"白色:白色,因为白色涂料比黑色颜色吸收热量更少,你不希望你的狗狗过热。"
191,186,10_26135,10,1,黑色灰色:黑色灰色会使狗的房子有点温暖 r. 数据说它是48(DEG) C总是。
192,809,10_26758,10,1,"光灰色:黑色颜色吸收更多的热量,使狗屋更轻的颜色将保持凉爽,但也温暖但不加热"
193,1800,10_27749,10,1,黑色:黑色吸引热量
194,653,10_26602,10,1,黑色:它会让狗的房子真的很热。
195,1857,10_27806,10,1,"黑灰色 :: 狗屋的最佳油漆颜色将是黑灰色。 这种颜色可能会影响狗屋的内部,因为它会使它更温暖或更凉爽,取决于天气。 实验的研究人员说,黑暗灰色的盖子在十分钟内使瓶子48(DEG)C,所以它会保持狗屋温暖。 它实际上只是结束在狗居住的气候。"
196,1053,10_27002,10,1,"白色:他们应该画狗的房子白色,因为如果他们画的黑色,它会吸引更多的热量在使用和白色不吸引热量或阳光。"
197,1750,10_27699,10,1,"黑色:使用黑色油漆在狗的房子会增加狗内部的温度几度,使它更舒适的狗。"
198,887,10_26836,10,1,"白色:白色,冬天会让它更冷,春天会让它更冷,夏天会让黑色变热,冬天也会变灰色。"
199,1712,10_27661,10,1,"白色:白色将使狗的房子更凉爽,因为在空气中,白色在10分钟内在光线下保持最低的平均温度。"
200,1943,10_27892,10,1,"白色:白色反射太阳,所以它会更凉爽"
201,2067,10_28016,10,1,"白色:狗屋将被建造来冷却狗,所以如果你画狗屋白色,那么狗屋会吸收更少的热量,因此保持狗冷却。"
202,603,10_26552,10,1,"黑色:黑色可能影响狗屋的内部,因为如果房子的颜色更暗,它会增加屋内的气氛。"
203,1247,10_27196,10,1,"白色 :: 保持狗屋凉爽,不会过于好"
204,2177,10_28126,10,1,"轻灰色:轻灰色可能会影响狗屋的内部,因为颜色不太暗,所以它不太热,它的not到光,所以它不太冷,温度会很好。"
205,1360,10_27309,10,1,"白色:我认为如果你使用白色油漆,那么狗屋会很酷,因为如果你使用黑色,狗会不会热,所以为什么你会使用白色。"
206,1636,10_27585,10,1,"轻灰色 :: 这种颜色会影响 b est 的狗屋。 暗色保持热量,但有时热量并不总是好的。 我找到了一个可以保持热量并具有相当高的空气帝国度的妥协,但不会对狗太热。"
207,1438,10_27387,10,1,"光灰:我会选择黑灰色,因为在炎热的一天,狗可以保持温暖和凉爽,在寒冷的一天,颜色仍然是吸收一些热量。 实验表明,暗色吸收的热量比轻色多,所以暗灰色是最好的。 此外,在试验中,瓶子的平均温度为48(DEG)c,所以狗在房子里会很漂亮和温暖。"
208,2078,10_28027,10,1,"黑色:黑色可能对狗屋有很好的影响,因为它会让狗屋在阳光明媚的外面保持温暖。 狗狗不会冷,它会很热。"
209,1110,10_27059,10,1,"黑色:像黑色这样的暗色会影响狗屋的内部,因为颜色越暗,空气温度的增加越大,因为更暗的颜色会吸收更多的能量。"
210,2100,10_28049,10,1,"黑色 :: 因为, 封面颜色越暗, 灰色越是玻璃罐内的空气温度的增加。"
211,518,10_26467,10,1,"轻灰色:轻灰色可能不会影响狗屋在夏天变得空洞,当它真的很热时,它不会变得非常热,因为轻灰色并不那么暗。 狗屋可能只是正确的温度,不热而不是冷。"
212,1298,10_27247,10,1,"白色:白色将返回阳光,它不会让狗屋太热。"
213,2143,10_28092,10,1,白色:白色会让狗宅更冷
214,1658,10_27607,10,1,"轻灰色 :: 这个神职人员会保持狗屋凉爽,并在侧面稍微温暖"
215,1950,10_27899,10,1,"轻灰色 :: 由于更暗的颜色是热的和L ighter颜色是冷的,轻灰色是中间的一种,所以d og往往是冷的或热的"
216,528,10_26477,10,1,"黑色:更暗的颜色吸引和吸收更多的光,如果您画狗屋黑色,那么太阳的光线会击中房子,并导致黑色油漆吸收光线并保持狗屋更温暖。"
217,840,10_26789,10,1,"轻灰色:它会影响狗的房子,保持它凉爽。 一个活跃的狗,做很多跑步,狗不会想要到一个被漆黑的狗屋,因为这会吸引大量的热量到狗会保持太热冷却的地方。"
218,446,10_26395,10,1,"白色:布兰迪和杰里应该使用白色f或狗屋,因为更明亮的颜色反映了光线,以保持 dor co ol。 除非,它是冬季时间,你想让狗保持温暖的黑暗的颜色会更好。"
219,1482,10_27431,10,1,"轻灰色:我会选择轻灰色,因为总的来说,一个黑色的房子可能会过热狗,但是在冬天,一个白色的可能太冷。 一个轻灰色的房子在夏天会拒绝热量,并在冬天允许更多的热量。"
220,271,10_26220,10,1,"黑色:如果你画狗屋黑色,狗屋的内部会比你画狗屋更轻的颜色,如轻灰色或白色更温暖。"
221,1858,10_27807,10,1,"光灰:我选择了光灰,因为我认为黑色和黑色灰色狗屋会吸收太多的能量,使它太热,让狗进去。 虽然轻灰色的狗屋不会太热或不太冷。"
222,1158,10_27107,10,1,"黑色:如果布兰迪和杰里画狗屋黑色,那么狗屋会更温暖,因为颜色越暗,狗屋可以吸收的能量就越多。"
223,1153,10_27102,10,1,"白色:因为明亮的颜色在夏季是最酷的,所以如果白色是最轻的,白色会更好地工作。"
224,122,10_26071,10,1,"白色:狗屋的内部温度将比黑色狗屋更凉爽。 这只是在外部温度很热的情况下,狗狗需要一个凉爽的地方。"
225,139,10_26088,10,1,"白色:最好的是白色,因为白色能吸收更少的能量。 黑色吸收了大量的能量,黑色的鸟的愤怒是53(DEG)C. 暗灰的平均值是48(DEG)C. 轻灰的平均值是45(DEG)C,白色是42(DEG)C. 颜色越暗,它吸收的能量越多。 越轻,就越少吸收能量。"
226,205,10_26154,10,1,"黑色 :: 它会让它真的很热,因为黑色吸引了更多的热量,与颜色相比,它会非常明亮,如白色或轻灰色或轻绿色。"
227,167,10_26116,10,1,"黑灰色:它没有得到任何热或凉,因此它是狗的房子最好的油漆颜色,因为狗不会太冷,也不会太热。"
228,1537,10_27486,10,1,"黑色:如果画成黑色,狗的房子会更温暖,因为黑色吸引热量。"
229,1007,10_26956,10,1,白色 :: becuase 从那里实验白色盖子 d idnt得到那么多的热像其他人
230,130,10_26079,10,1,"轻灰色:颜色会让狗屋更凉爽,而黑色和暗灰色颜色也比白色更温暖。"
231,1867,10_27816,10,1,"白色:它会使狗的房子比你使用黑色油漆更凉爽,因为白色油漆不会吸收那么多的能量。"
232,723,10_26672,10,1,"白色:画狗屋的最佳颜色是白色,因为白色使狗屋不那么温暖。"
233,1715,10_27664,10,1,"黑色:黑色是很好的颜色,因为它吸收热量。 它会使狗屋的内部变得温暖,就像热灯实验一样。 在实验室里,灯热了,因为黑色盖子吸收了灯的热量。 我认为黑色油漆会吸收太阳的热量,让狗屋里温暖。"
234,234,10_26183,10,1,"黑色:狗的房子会很热,因为更黑暗的狗会吸收更多的能量。"
235,1820,10_27769,10,1,"轻灰色:这种颜色可以使狗屋保持凉爽,但要冷却而不是热,因为暗灰色或黑色会使狗狗变暖,因为那里有毛皮。"
236,1051,10_27000,10,1,黑色:它将使它在狗屋非常热
237,1798,10_27747,10,1,黑色 :: cuz 将让狗狗保持温暖
238,415,10_26364,10,1,"白色:白色吸收的能量较少,所以它会比黑色更好地吸收。"
239,57,10_26006,10,1,"轻灰色:这将是一个很好的颜色,因为它不会太冷或太热对狗。 它只会是正确的。"
240,2182,10_28131,10,1,"光灰:我选择暗灰,因为光灰是完美的,说它可以湿天,狗真的可以。 狗狗狗走进狗屋,并保持温暖,在外面被他从他的身体和毛皮。 颜色的平均温度为48度 ce lceas.it保持大部分温度,但留下一些。 此外,它Gragulla y正在以缓慢的速度变得温暖。wich会帮助狗大大当它转向夏季时间,所以他不会过热,买太阳的热量"
241,500,10_26449,10,1,"黑色:黑色会影响狗屋里的空气温度。 在实验中,黑帽的颜色平均为53(DEG) C. 这种颜色在夏季会对狗的房子产生很大的影响。 在炎热的日子里,黑色会吸引热量,这对狗狗来说是一个健康问题。"
242,2030,10_27979,10,1,"黑色 :: 使用黑色吸引更多的阳光,它会更热的狗屋内和热的触摸,所以除非你喜欢它,我会照亮灰色。"
243,1010,10_26959,10,1,"黑色:黑色会让狗的房子温暖的冬天,所以狗会保持温暖。"
244,2018,10_27967,10,1,"黑色:黑色会使狗屋的内部成为手臂,因为更暗的颜色吸收来自阳光的热量。 因此,如果布兰迪和杰里将黑色用于玻璃瓶的盖子,那么盖子会吸收更多的灯泡的热量。 如果布兰迪和杰里为盖子选择了白色的颜色,那么盖子不会吸收很多来自灯泡的热量。"
245,188,10_26137,10,1,"轻灰色:轻灰色不会吸收太多的太阳,在这种情况下加热室内,在寒冷的日子里会吸收足够的热量。"
246,1227,10_27176,10,1,黑色灰色 :: I choose bark grey becase it the best color for a dog house becase its not to hot and not to cold for the dog and th e average is if you chose black than ill be to hot and if you chose w hit it be to cold。
247,286,10_26235,10,1,"黑色:黑色吸收更多的能量,所以当我在外面冷时,内部可以被太阳加热"
248,279,10_26228,10,1,"黑色:我选择黑色,因为它保持在更多的光线和温度更热。 所有其他人都有较低的温度,黑色是最高的温度。"
249,1226,10_27175,10,1,"黑色:我选择了黑色,因为狗狗在夏天可能想留在外面,躺在阴影中或穿过水喷泉;在冬天,狗屋会保持足够的温暖,让狗狗在室内舒适地睡觉(太阳的能量会加热屋顶,从而加热狗屋)。"
250,1213,10_27162,10,1,"黑暗灰色 :: 黑暗灰色应该工作只是很好的,因为它有点温暖,但不热,狗喜欢它有点温暖,所以它会非常适合你的狗"
251,2041,10_27990,10,1,"轻灰色:我选择了轻灰色,因为如果选择轻灰色,狗屋的内部不会太热或太冷。 我在布兰迪和杰里的实验中了解到,盖子颜色越暗,瓶内空气温度越高(10分钟后)。 如果狗的房子是轻灰色的,狗会舒适的温暖。"
252,1917,10_27866,10,1,"轻灰色 :: 这种颜色可能会影响狗的房子 它是一种凉爽而不是那么热的狗,因为它不是那么黑暗,所以它不会吸收很多能量,但也不是那么轻白,所以它不会太冷"
253,1341,10_27290,10,1,黑色:它会让狗狗在冬天变得温暖。
254,1279,10_27228,10,1,"白色:白色会让狗屋更冷,然后任何其他颜色和狗狗讨厌当有热和非常冷,所以白色是pe rfet"
255,1366,10_27315,10,1,"黑色:黑色颜色会吸引更多的阳光,让狗狗保持温暖和舒适。"
256,177,10_26126,10,1,轻灰色:因为你不想狗的房子是冷或温暖的。
257,1923,10_27872,10,1,"黑色:如果布兰迪和杰里选择黑色,它会让狗屋最温暖的四种颜色"
258,853,10_26802,10,1,"暗灰色:暗灰色,因为冬天狗狗狗狗狗狗狗狗狗狗狗狗狗狗狗狗狗狗狗狗狗狗狗狗狗狗狗狗狗狗狗狗狗狗狗狗狗狗狗狗狗狗狗狗狗狗狗狗狗狗狗狗狗狗狗狗狗狗狗狗狗狗狗狗狗狗狗狗狗狗狗狗狗狗狗狗狗狗狗狗狗狗狗狗狗狗狗狗狗狗狗狗狗狗狗狗狗狗狗狗狗狗狗狗狗狗狗狗狗狗狗狗狗狗狗狗狗狗狗狗狗狗狗狗狗狗狗狗狗狗狗狗狗狗狗狗狗狗狗狗狗狗狗狗狗狗狗狗狗狗狗狗狗狗狗狗狗狗狗狗狗狗狗狗狗狗"
259,1372,10_27321,10,1,"黑色:它会使它变得更温暖的狗在里面,它会吸收更多的能量。"
260,91,10_26040,10,1,"白色:黑色的颜色倾向于使事情变得更热,所以如果您使用白色盖子,如果这是一个阳光明媚的日子,它将保持温度。 对于实验中的黑色盖子,温度增加(t emp:54)和白色的温度下降(temp:42)。 这是因为能量y从黑色颜色中吸取出来。 狗也有很多毛皮,所以最好有一个更酷的房子。"
261,2117,10_28066,10,1,黑色:黑色是捕捉和保持他最好的。 平均温度为53
262,780,10_26729,10,1,轻灰色:轻灰色不会使狗的房子太热或太冷。 狗的房子将是温暖和凉爽的。
263,575,10_26524,10,1,"轻灰色:它会放入一些热量,但也将使我在白天不冷"
264,702,10_26651,10,1,"白色 :: 狗屋的最佳颜色将是白色,因为结果布兰迪和杰里做白色似乎是比任何其他颜色更凉爽的颜色,这意味着平均温度为白色是42(DEG)C,这意味着狗狗会感觉到每天在狗屋里不冷,但也不热。"
265,1064,10_27013,10,1,"轻灰色:轻灰色,因为它不会太热或c老"
266,1114,10_27063,10,1,"黑色:如果布兰迪和杰里居住的天气很冷,如果他们画狗屋黑色,它会吸收更多的热量比暗灰色,轻灰色和白色。"
267,1278,10_27227,10,1,"轻灰色:轻灰色,因为当阳光明媚的时候,d og不会很热,因为黑色和其他黑色吸引着太阳。"
268,1547,10_27496,10,1,"白色:白色反映了太阳的大部分,而黑色吸收了太阳的大部分热量。"
269,1921,10_27870,10,1,"光灰色:T方式这种颜色可能会影响t他狗屋的内部,不太热,因为更暗的盖子颜色,灰色越大,空气温度的增加,因为光灰色只有45(DEG)C。"
270,1841,10_27790,10,1,"暗灰色:暗灰色将它保持在一个凉爽的温度,但不太冷,也不太热。 这对狗狗来说是件好事。"
271,725,10_26674,10,1,"白色:颜色越暗,里面就越热。 越是明亮的颜色,它不会像没有t在里面。"
272,1813,10_27762,10,1,"轻灰色:它会让它很漂亮和温暖,但仍然有足够的热量在晚上保持他 / 她的温暖"
273,106,10_26055,10,1,"轻灰色:他们希望它在黑色和白色之间,所以它将是温暖和凉爽的。 测试表明,黑色或轻色灰色是46.5(DEG)C,所以它将对狗有好处。"
274,2071,10_28020,10,1,"白色:如果他们画狗屋白色,它会比黑色更酷"
275,1001,10_26950,10,1,"黑色:它可以让狗狗变得温暖,这取决于天气。"
276,348,10_26297,10,1,"轻灰色:它会保持温暖的那些寒冷的夜晚,D保持凉爽的那些炎热的夏天。"
277,1554,10_27503,10,1,"白色不吸引热量,但黑色,暗灰色和轻灰色,所以狗会保持凉爽。"
278,1866,10_27815,10,1,"轻灰色:轻灰色可能阻止它过于冷或过于热。 此外,在结果中,灰色的颜色是他们所有人中最不热的。"
279,316,10_26265,10,1,"轻灰色:轻灰色会影响狗屋,使它在冬天稍温暖一点,在夏天凉爽一点。"
280,1714,10_27663,10,1,黑色:黑色会让狗的房子保持温暖。
281,2062,10_28011,10,1,"暗灰色:暗灰色油漆会让狗屋在寒冷时保持温暖,但不会像黑色油漆一样热。 黑灰色油漆在10分钟内使玻璃瓶的内部达到48(DEG)in的直接光线,所以它应该保持狗屋的温度合理。"
282,52,10_26001,10,1,"光灰色:光灰色的颜色会影响狗屋的内部,因为它会变得温暖,但不会太热,因为如果你有狗屋,它是温暖的狗屋可能会死去,因为狗屋总是在阳光下,狗屋会变得非常热,在实验中,盖子颜色只留在灯下大约10分钟,温度上升非常快。"
283,319,10_26268,10,1,"黑色:通过使狗屋黑色,它会吸收热能,这将使狗屋温暖,而不是如果它是一个更轻的颜色。"
284,1540,10_27489,10,1,"黑色:颜色越暗,它吸收的热量越多。 拥有黑狗的房子会让内部变得温暖"
285,2168,10_28117,10,1,"白色:白色将保持狗屋凉爽,因为它反射光,而不是吸收它"
286,1264,10_27213,10,1,"假设布兰迪和杰里生活在温暖的气候中,一个白色的狗屋将是更好的选择。 这是因为白吸收更少的热量,所以白狗屋会保持更凉爽,让狗狗更凉爽。"
287,7,10_25956,10,1,"黑色:颜色会从太阳中吸收更多的热量,使其在狗屋中变得更热"
288,1320,10_27269,10,1,"白色:它会让狗的房子更凉爽,因为它不会吸引那么多的热量。 这是因为颜色越暗,它吸收的能量越多。"
289,1473,10_27422,10,1,黑色:我认为他们应该使用blak beacause它会让狗更温暖。
290,970,10_26919,10,1,"暗灰色:暗灰色应该保持狗屋中等温度,不太热,或太冷。"
291,1505,10_27454,10,1,"白色:这样狗狗可以新鲜,夏天不热,冬天不太冷。"
292,1262,10_27211,10,1,"白色:白色会反映阳光的光线,让狗屋保持凉爽。"
293,1973,10_27922,10,1,"黑色灰色:黑色灰色可能会使狗屋内的温暖。 因为黑色的色彩吸收了更多的热能。 那只羊毛让狗屋子在夜间更温暖,这就是为什么我选择了暗灰色。 我选择它,因为它不会吸收太多的能量。"
294,353,10_26302,10,1,"白色:我会说黑色,因为它排出热量,使它变成内部的蠕虫。 眼神说,颜色越黑,玻璃瓶里的气温越大。"
295,1623,10_27572,10,1,"白色:白色会更好,因为在峰会期间,它会与一个白色狗的房子很酷,它将是热和潮湿的黑色狗的房子"
296,784,10_26733,10,1,黑暗灰色 :: cause darker the color more it attracts heat 它吸引了更多的热量
297,337,10_26286,10,1,"白色是狗家的最佳选择,因为如果它是黑色的,狗的房子会变得炎热。"
298,1206,10_27155,10,1,"白色:白色吸收最少的e nergy,所以通过染色狗屋白色它将确保狗屋是狗狗更舒适的温度。"
299,1922,10_27871,10,1,"白色:我会使用白色,因为它是最酷的颜色,它不像其他颜色那样热狗。"
300,808,10_26757,10,1,"白色:白色将是狗狗使用的最佳选择,因为黑色和暗灰色等黑色颜色会吸收大量能量,因为它会更热,所以做一个白色的狗屋,狗会更凉爽。"
301,1599,10_27548,10,1,"白色:空气温度将平均较低,因为在实验中,白色保持了L羊瓶内的温度。"
302,1772,10_27721,10,1,"轻灰色:轻灰色不吸收像黑色K或暗灰色一样多的热量,这将有助于在夏季保持狗屋凉爽,同时也吸收一些热量,至少比白色更多,这将有助于让狗屋在冬季变得太冷。 这使得它成为设计狗屋时使用的 o ptimal 油漆。"
303,1311,10_27260,10,1,"黑色 :: becouse黑色颜色得到蠕虫比其他颜色更快,得到黑色得到温度54,其他颜色得到更少"
304,1874,10_27823,10,1,"光灰:我选择了光灰,因为它是完美的温度。 它的平均温度,45(DEG)C,是一个非常好的温度旅行;不太热,也不太冷。 如果你画狗屋的,它将是温暖的,但只有一点点。 它会保护狗从膨胀的戒指热;但防止它冻结。"
305,1409,10_27358,10,1,"它取决于他们是否生活,如果它是一个热狗,那么一个白狗房子,但如果它是一个寒冷的地方,那么一个黑狗房子,使狗房子有点温暖,在中间如果它是一个混合物。"
306,795,10_26744,10,1,"白色:白色对狗屋来说是一个很好的颜色,因为它不会像黑色一样吸收热量。 这会让它凉爽,所以狗不会太热"
307,1848,10_27797,10,1,"白色:他们狗的房子会更凉爽,没有黑色或更暗的狗的房子会更好地在炎热的一天"
308,1117,10_27066,10,1,白色:这种颜色可能会使 hou 的内部变得更凉爽。
309,1410,10_27359,10,1,"白色:白色会让狗屋更凉爽,让生活更愉快。"
310,1358,10_27307,10,1,白色灰色:为了使的房子不太冷或热。
311,1984,10_27933,10,1,"轻灰色:因为他们可能不希望它是热或冷,所以如果他们使用暗灰色,那么它将是完美的不是冷,不是热的狗。 温度将有一个平均温度为45(DEG)不热不冷。"
312,1461,10_27410,10,1,"白色:狗屋里的热量较少,所以狗狗的舒适度会更大。"
313,504,10_26453,10,1,"轻灰色:如果您使用轻灰色油漆,那么狗屋的内部对狗狗来说不会太热。"
314,931,10_26880,10,1,"黑色会影响狗屋,因为如果它太热,狗不会知道去哪里,但狗屋狗屋会非常热。"
315,86,10_26035,10,1,"黑灰色 :: 布兰迪和杰里应该涂上狗屋黑灰色,因为温度,根据他们的数据,是48(DEG)C,它是完美的温度,不太冷或热,几乎不会改变温度。"
316,1453,10_27402,10,1,"狗屋的最佳油漆颜色将是暗灰色,因为狗屋内部的温度不会太热,但不会太冷。 它是48(DEG)C的瓶子中,平均有暗灰色的盖子。 这更适合狗屋,即黑色盖子,这是53(DEG)C,或白色盖子,这是42(DEG)C。"
317,1162,10_27111,10,1,"轻灰色:内部不会太热,也不会太冷"
318,6,10_25955,10,1,"轻灰色:我认为它会受到狗狗的吸引热量的影响,如果有必要,当它变得更冷时,他们可以涂上另一种颜色"
319,266,10_26215,10,1,轻灰色:它会冷却和加热狗屋
320,1982,10_27931,10,1,"轻灰色:“轻灰色”的颜色对狗屋来说是很好的,因为当它热时,狗屋里不会那么热。 除了布莱克·德拉克·格雷之外。"
321,216,10_26165,10,1,"暗灰色:暗灰色是最好的,因为在冬季doghouse会吸收热量。 此外,在夏季,狗屋不会吸收太多的热量。 仿佛它是黑色的。"
322,859,10_26808,10,1,"黑色灰色:黑色灰色将是狗屋的冷却和温暖的味道。 在所有 3 次试验中,它只达到 48(DEG) C 和 d 黑色达到 54(DEG) C"
323,1118,10_27067,10,1,"白色:这种颜色将是最好的,因为当它在外面热时,狗屋会比如果他们画它黑色或d弓箭的颜色更凉爽。"
324,767,10_26716,10,1,"黑色:夏天狗屋里会很热,但冬天狗屋里会更热,因为黑色吸引热。"
325,928,10_26877,10,1,"黑灰色:它会影响它,因为在狗屋里不会太热,也不会太冷。"
326,2077,10_28026,10,1,"白色:如果狗屋是白色的,狗屋在内部会更凉爽,因此在内部更舒适。"
327,284,10_26233,10,1,"轻灰色:轻灰色最好工作,因为然后在狗的房子里,它仍然比外面更温暖,但当它在外面时,它不会太热,而不是如果狗的使用是漆黑。"
328,1597,10_27546,10,1,"黑色:黑色是画狗屋的最佳颜色,因为,你会有一个更高的温度,一个更暗的颜色,它会有一个更温暖的。 狗屋将有更高的机会在更高的温度下。"
329,902,10_26851,10,1,黑色:白天狗的房子会更温暖
330,1080,10_27029,10,1,"白色:我会说画狗屋白色是最好的选择,因为白色吸收了的热量,因为狗屋已经很小,他们已经很热,你不想让狗过热,而且狗有大量的毛皮来保持他们更热。 如果冬天有寒冷的一天,你可以把毯子放在里面让狗狗保持温暖,但我会说,总的来说,whi tea是最好的选择。"
331,1328,10_27277,10,1,"暗灰色:暗灰色将是一个很好的颜色来绘制狗屋,因为它不太热,也不太冷。 平均温度将是48(DEG) C. 只是正确。"
332,1828,10_27777,10,1,"黑色灰色:我认为黑色灰色可能是它不会冷或热的颜色。 所以在夏天,狗房子应该保持凉爽,在冬天它可以保持温暖。"
333,220,10_26169,10,1,"轻灰色:房子不会对狗太热,它不会太冷,它会在中间。"
334,1312,10_27261,10,1,"白色:如果他们使用的颜色比狗的房子e更凉爽,因为更明亮的颜色反映了太阳,最终它会比狗更凉爽,这会让狗更开心。 白色的颜色也会看起来很好。"
335,25,10_25974,10,1,"黑灰色:内部的空气会比它更热,以明亮的灰色和白色作为屋顶颜色,所以狗可以在夜间停留,但它也比如果黑色是屋顶颜色,所以狗不会在白天过热。"
336,1156,10_27105,10,1,"轻灰色:轻灰色,这会给狗的房子一些黑暗,但也是明亮的,所以狗会能够保持凉爽,可以睡觉。"
337,494,10_26443,10,1,"轻灰色:这种颜色可能会影响狗屋,因为狗屋不太热,也不太冷,对狗狗来说是一个舒适的茶叶。"
338,967,10_26916,10,1,"黑灰色:通过涂抹狗屋黑灰色,它会影响房子的内部,因为它会保持温暖,而不是加热它。 然而,如果放置在已经温暖的室外温度下,内部实际上可能会过热。 因此,一个黑暗的灰色狗屋在更凉爽的环境中是可供使用的。"
339,948,10_26897,10,1,"白色:它会使它更冷,因为颜色不暗。"
340,17,10_25966,10,1,黑色:它将保持狗屋内的温暖
341,1849,10_27798,10,1,"黑色是最好的颜色选择,因为在实验中,它说黑色盖吸引了最多的热量,所以y应该使用黑色油漆来捕捉狗屋里的热量。"
342,1546,10_27495,10,1,"轻灰色:轻灰色将允许狗屋吸收热量,虽然不像黑色那么多,所以它不会令人难以置信的HOT,但它仍然比白色更热。 此外,它不会像白色一样冷,但会比黑色更冷。 因此,轻灰色是完美的颜色,不太热,不停止冷,只是正确的温度,使狗屋舒适的狗。"
343,1115,10_27064,10,1,"轻灰色:轻灰色会很好,因为它不会在阳光下热,黑色会很糟糕,因为太阳会让它在狗屋里热。"
344,307,10_26256,10,1,"轻灰色:带有轻灰色涂料的狗屋的温度会使狗屋温暖,但不会冷或热,温度约为45(DEG)Celsius。"
345,1931,10_27880,10,1,"黑色:黑色会吸收最多的热能,导致狗的房子有更高的空气温度(变得更热)。"
346,2024,10_27973,10,1,"light grey :: 如果它是黑色,那么它会变得更热的 insine un like grey it won"
347,1369,10_27318,10,1,"白色:颜色可能会影响狗屋,消耗更少的能量,使狗屋的内部更凉爽。"
348,249,10_26198,10,1,白色:绘制狗屋白色将反映阳光使其更凉爽
349,1241,10_27190,10,1,"白色:它应该是白色的,所以在阳光明媚的日子,狗会有一个稍微更冷的狗房子,而不是如果它是更暗的颜色。"
350,1880,10_27829,10,1,"白色: 白色不会吸引光线的颜色,因此允许狗保持凉爽。"
351,1782,10_27731,10,1,"白色:白色不吸收太阳能。 颜色会让狗屋更凉爽,而如果你把顶部变成黑色,它会像狗屋内的炉子一样热。"
352,684,10_26633,10,1,"黑色:他们应该将狗屋漆成黑色,因为平均最高温度为53(DEG)C,比Dark Gray的第二个最温暖的屋顶颜色高5(DEG)C,比最冷的屋顶颜色高11(DEG)C,白色。"
353,995,10_26944,10,1,"白色:使用白色作为狗家的颜色,最好是阳光不被吸引,因为它是B缺乏。 所以狗狗会保持凉爽,而不是温暖在他的房子里。"
354,1196,10_27145,10,1,黑色:因为温度会高而不是低。 漆黑是最高温度
355,1792,10_27741,10,1,"白色:因为白色会收集更少的能量,这将使其内部比其他任何颜色更凉爽。"
356,137,10_26086,10,1,白色:狗屋内的温度会比使用黑色更暗的颜色更凉爽。
357,1886,10_27835,10,1,"白色:所以狗的房子不会在夏天那么快地加热,所以狗可以呆在他的房子里更久"
358,2125,10_28074,10,1,"轻灰色:如果你选择灰色,房子的内部不会是温暖的或冷的。 当你使用黑色时,它平均为53度,因为黑暗正在吸收所有的热量。 另一方面,Whi Te 是 42 度的DNA,不吸收那么多的热鼻子。 你不希望狗屋太温暖或太热,所以如果你能让狗狗有完美的温度,因为他已经有一个厚厚的毛皮线,让他保持温暖,我们希望他变得如此战争,变得虚弱。 so light grey wch collects 42度在一个平均我更好"
359,544,10_26493,10,1,"光灰色:颜色可能会影响狗屋,因为l ight灰色不会使它太热或太冷,温度将在中间。"
360,276,10_26225,10,1,"黑色:现在狗屋可以在冬天温暖,因为“暗色吸收更多的光线”,然后狗狗可以在夏天在院子里玩耍,因为每个人通常都喜欢阳光,甚至是狗。"
361,1121,10_27070,10,1,"暗灰色:我认为他应该使用暗灰色来绘制他的房子,因为,它将是Kinda在其他Tem Petures的中间。 如果他们在冬天涂白,它可能会更冷,因为它不会吸引太多的热量。 如果他们选择黑色作为颜色,夏天会很热,因为它吸引了更多的热量。 轻灰色将不会像你画它白色一样。 所以我认为你应该漆黑灰色,这样在夏天它会吸引一些热量。 在冬天,它也是这样做的。 因此,它甚至会在夏季和冬季。"
362,1418,10_27367,10,1,"黑色:因为日光吸引的颜色越暗,因为,太阳能。"
363,1531,10_27480,10,1,"白色:我认为狗屋应该是白色的,在实验中变成e,白色不会变得非常热。 最高温度为43(DEG)C,最低温度为41(DEG)C。"
364,1375,10_27324,10,1,"黑色:我认为黑色会使狗屋的内部变得温暖,因为它是黑色的。"
365,1853,10_27802,10,1,"黑色:黑色会让房子温暖,而紫外线会击中它,他们收集所有的能量,换句话说是热量。"
366,1996,10_27945,10,1,"黑灰色:如果是炎热的一天,狗屋不会太热,如果是寒冷的一天,狗屋不会太冷。 灯具底下有暗灰色盖的瓶子的平均温度为 45(DEG) C"
367,440,10_26389,10,1,"白色:白色狗屋可以帮助狗狗冷却,它保持它更凉爽的狗屋不同于黑色和更暗的颜色,吸收,热量,然后那么温暖的狗屋和那里通过Inc重置Tem(DEG)"
368,486,10_26435,10,1,"黑色:它将是最热的,因为更暗的颜色吸收更多的能量。"
369,904,10_26853,10,1,"白色:这种颜色可能会影响狗屋,因为狗屋可能对狗狗保持凉爽,他们不会在黑暗的颜色中燃烧。"
370,1746,10_27695,10,1,"黑色和Whi茶混合会产生效果,因为黑色带来热量,白色会冷却颜色并混合它们。"
371,1466,10_27415,10,1,"白色:白色吸收更少的热量,因此它会让狗狗更冷。"
372,1351,10_27300,10,1,"黑色:因为它是黑色,所以颜色可能会影响我不会吸收更多的光能量,然后使温度更高,所以内部会更热。"
373,268,10_26217,10,1,"黑色:如果它是黑色的,它会让狗狗发热。"
374,838,10_26787,10,1,白色 :: 因为它说没有合同热或 ab sorb
375,1297,10_27246,10,1,"黑色:它会使狗屋内部非常温暖,因为颜色越暗,它会吸收更多的能量。"
376,1655,10_27604,10,1,"白色:狗有很多毛皮,让它们保持温暖,所以在夏天他们想冷却。 黑色不是一个好选择,因为它挤满了很多热白不会。 颜色白色会影响做 g 房子,所以黑狗房子会变得不那么热。"
377,255,10_26204,10,1,"轻灰色:我会使用轻灰色,因为在Exp发芽中,它在45(DEG)F的良好温度下,黑色在53(DEG)F的温度下热,暗灰色在48(DEG)F的温度下有点热,白色在42(DEG)F的温度下有点冷。"
378,1691,10_27640,10,1,黑色:更暗的颜色会比白色保留更多的热量。 温度的增加是由于狗的房子中的暗色。
379,14,10_25963,10,1,"黑色:好吧,盖子越黑,越多的温度进入瓶子。 黑洞的黑洞是53(DEG)C。"
380,8,10_25957,10,1,"光灰:我选择了光灰,因为我考虑了季节的温度。 在夏天,轻灰色会反射一些温度,同时保持温暖,在冬天,轻灰色会吸收太阳光的温度,使其温暖。"
381,914,10_26863,10,1,"白色: 在数据表中,它显示了黑色盖子保持在更热的空气,然后所有其他盖子黑色盖子保持在 : 54 (DEG)c 在试验1 whi le白色盖子保持在 : 42(DEG)c在第一条线,黑色盖子平均为53(DEG)c,而白色盖子平均为42(DEG)c通过对比数据,它表明白色盖子保持在更少的空气。"
382,425,10_26374,10,1,"白色:因为狗屋越明亮,它在阳光下越凉爽。"
383,1539,10_27488,10,1,"轻灰色:它可以使它热,但不热,因为它不会像黑色或暗灰色一样吸引热量"
384,2175,10_28124,10,1,"轻灰色 :: 它很酷,但它会给狗带来一些热量"
385,1041,10_26990,10,1,"白色:绘制狗屋白色将是非常美妙的艺术,如果你不想你的宠物在那些可怕的热量 r天过热。 根据布兰迪和杰里的实验,黑色发出更多的11(DEG)C,而不是白色。"
386,1721,10_27670,10,2,"黑色:我会选择黑色为油漆颜色使用黑色油漆会吸收太阳的热能,并加热狗屋的内部。 黑色盖子平均温度为53(DEG)C,这是所有盖子中最高的平均温度,而白色盖子平均温度为42(DEG)C,这是最低的。 它们的差异为11(DEG)C,这意味着黑色油漆会让狗屋更温暖。"
387,983,10_26932,10,2,"白色:狗屋的最佳油漆颜色是白色。 这是因为白色的颜色反映热量,而黑色的颜色吸收热量。 狗不会想要一个热汗的狗屋。 经过10分钟的热量,黑色罐内的室内空气平均温度为53(DEG)C,但白色罐的平均温度为42(DEG)C。"
388,1541,10_27490,10,2,"白色:布兰迪和杰里预测,盖子颜色越暗,玻璃罐内的空气温度越高,因为颜色越暗,吸收更多的能量。 他们的假设是正确的。 这是因为在三次10分钟的试验后,玻璃瓶内的平均温度为53度,而在三次10分钟的试验后,玻璃瓶内的平均温度为42度。 由于黑色是封面中最暗的颜色,所以它是最热的,所以空气温度是最高的(反之亦然,白色封面)。 因此,因为我们不希望狗屋被覆盖,所以最好的颜色是白色,因为白色会吸收最少的热量。"
389,385,10_26334,10,2,"黑色:黑色会使狗屋变热。 狗不会进入狗屋,因为狗不会感到舒适。 我在实验室里,黑色比其他颜色更热。"
390,688,10_26637,10,2,"白色:白色会影响狗屋,在夏天,当外面更热时,白色不会吸收到很多的食物,保持狗屋更凉爽。 Whute嘴唇的平均温度为42(最冷的温度)和黑色的平均温度为53(最高)越低越冷。 白色将是狗屋的最佳选择。"
391,1467,10_27416,10,2,"轻灰色是狗家的最佳颜色,因为它不会让狗的房子太热,但它也不会让狗的房子太冷。 黑色的平均温度为53(DEG)C,这在夏天对狗来说太热。 它必须在一个 rela xing 温度为 45(DEG)C 对于轻灰色。 如果我选择看白色,这将是太冷的可怜的狗进去。 明亮的颜色会让狗在他的家很舒服。"
392,1027,10_26976,10,2,"白色:白色是10分钟后最凉爽的温暖的封面颜色,绘制狗屋白色将使狗屋的内部更凉爽,因为白色会反映更多的太阳,而不是说黑色。 换句话说,颜色越暗,它就越好,它会吸收并转移到狗屋内的内部。 我们想尽可能地让狗狗的房子凉爽,以便狗狗不会过热。"
393,304,10_26253,10,2,"白色 :: 颜色白色是最适合狗屋使用的实验是对空气 t 冲压在一类罐内的不同颜色的影响,所以看图表的颜色白色 h 广告平均为 42(DEG)C,这意味着空气的增加是凉爽的 r 。 因此,白色的颜色会通过增加空气流量来影响狗屋,并且比任何其他颜色都更凉爽。"
394,1067,10_27016,10,2,"黑灰色:我选择了黑灰色,因为它不会使狗屋内的温暖或寒冷。 四个平均值的平均值为47(DEG)c,所以我选择了最接近47(DEG)c的平均值,暗灰为48(DEG)c,所以我选择了暗灰。"
395,2091,10_28040,10,2,"黑色:黑色可能会影响狗屋,因为它会吸收更多的热量。 此外,实验表明,黑色保持在最热。"
396,1296,10_27245,10,2,"轻灰色:这种颜色可能会影响狗屋,因为在夏天,当它真的很热时,轻灰色不会太热,房子更凉爽,而不是狗睡觉的黑色,那里会非常潮湿和拥挤。 此外,轻灰色对狗狗的福祉也有好处,因为在冬季,温度会非常寒冷,但会足够黑暗以保持温暖。 因此,总之,轻灰色是最好的,因为它在夏天保持凉爽,在冬天保持温暖。 一些证据表明,在实验中,光灰的平均值为45(DEG)C,黑色的平均值为53(DEG)C。 所以在夏天,如果他们有一个黑房子,狗会死于热中风。 如果他们有一个轻灰色的房子,他们会有一个漂亮的凉爽的房子在整个夏天,这是一个很好的方式来保持温暖的温暖。 黑色更像是冬季保持温暖的颜色。"
397,1481,10_27430,10,2,"白色:我会选择白色油漆来画狗,因为根据实验,白色是瓶子内部的颜色会不那么热。 根據布蘭迪和傑里的數據,W Hite 蓋子內部溫度為 42(DEG)C,黑蓋子是 53(DEG)C,我不希望我的狗在狗的使用中太熱或足夠。"
398,467,10_26416,10,2,"白色:在测试中,哪种颜色使瓶子旁边的空气最热,黑色是最热的,然后是黑色,而不是轻灰色,然后是最凉爽的白色,所以狗屋内的空气会更凉爽,如果它是白色,这对狗狗来说是最好的。"
399,399,10_26348,10,2,"轻灰色:我选择轻灰色,因为这样狗狗的使用可以保持凉爽,狗不会太热。 黑色平均为53个,轻灰色为45个。 这是一个正确的屋顶。"
400,1784,10_27733,10,2,"黑色:它会增加狗的温度,特别是在接近光线时。 例如,当布兰迪和杰里正在做实验的封面 colo rs。 黑色有最高的热量。 这主要是因为它是一种能量转移。 当光线击中更暗的颜色时,它会转化为和或热能。"
401,0,10_25949,10,2,"黑色:黑色可能会影响狗屋,因为狗屋对狗狗来说可能太热了。 我知道这一点,因为在结果 ts 黑色得到最热。"
402,256,10_26205,10,2,"如果布兰迪和杰里要画狗屋,他们应该选择的颜色是黑色,因为它是最暗的颜色,所以它吸收了最热的热量。 我的理论是正确的,因为在布拉迪和杰里的假设中,“封面颜色越暗,玻璃瓶中的空气温度越高,因为颜色越暗吸收了矿物的能量”。"
403,532,10_26481,10,2,"黑色:如果他们用黑色在那里狗房子那里狗会非常温暖,因为它会保持所有的热量在那里保持狗温暖,因为黑色将被困在热量,这就是为什么人们不穿黑色在一个热日。 我可以这样说,因为在黑色的数据表中,平均温度为53(DEG),这是最高的温度,这就是为什么我认为布兰迪和杰里应该使用黑色。"
404,927,10_26876,10,2,"黑色:如果他们画狗屋黑色,狗会保持温暖。 正如实验中所示,当他们使用b缺口盖时,温度在10分钟内从24(DEG)C升至53(DEG)C。 当他们使用白色盖时,温度在10分钟内从24(DEG)C到42(DEG)C。 这表明,颜色越暗,空气温度越高,因为颜色越暗吸收更多的能量。"
405,1267,10_27216,10,2,"轻灰色:轻灰色将防止狗狗的内部变得热,它仍然比白色更适合寒冷的夜晚。 这是真的,因为 bl ack 盖的平均温度为 53(DEG)C,暗灰盖的平均温度为 48(DEG)C,轻灰盖的平均温度为 45(DEG)C,白盖的平均温度为 42(DEG)C。"
406,1834,10_27783,10,2,"轻灰色:我认为轻灰色是画狗屋的最佳颜色,因为轻灰色会吸收一些热能,让狗保持温暖,但也会让狗更凉爽,黑色或暗灰色,比白色更温暖。 从实验中看,光灰盖的平均温度为45(DEG)C,而黑色盖的平均温度为53(DEG)C,暗灰盖的平均温度为48(DEG)C,白色盖的平均温度为42(DEG)C。"
407,982,10_26931,10,2,"白色 :: 白色是获得Lid颜色对玻璃桶内部空气温度低温的颜色,所以它会保持狗屋最凉爽的内部,所以狗会最舒适。"
408,421,10_26370,10,2,"轻灰色 :: 颜色轻灰色将是狗屋的最佳油漆。 在实验中,轻灰的平均值为48(DEG)c,而黑色的平均值为53(DEG)c,白色的平均值为42(DEG)c。"
409,595,10_26544,10,2,"黑色:这将使狗屋非常温暖和舒适,因为,如在实验中所示,黑色吸引热量,将更多的热能带到狗屋比其他颜色,如白色。"
410,738,10_26687,10,2,"轻灰色:轻灰色会使狗的房子不会太冷,也不会太热。 平均温度可能在40至50(DEG)左右,因为瓶子上的轻灰色盖子平均为45(DEG)C,但狗屋的尺寸不同于罐子,所以节奏会略有不同。"
411,233,10_26182,10,2,"黑色:黑色会让狗屋最温暖,因为所有其他人的平均值是黑色53暗灰色48轻灰色45白色42"
412,1376,10_27325,10,2,"白色:他们可能使用白色,因为它不会像其他颜色一样快速。 在数据表中,它表明,火星的轨迹是42(DEG)C,第二次试验是43(DEG)C,第三次是41(DEG)C,第四次是42(DEG)C。"
413,1769,10_27718,10,2,"白色:绘制狗屋白色将使狗屋内部更凉爽。 我知道这一点,因为白色玻璃瓶的平均温度为42(DEG)C,其他彩色玻璃瓶的平均温度均等于或高于45(DEG)C。"
414,2032,10_27981,10,2,"白色:我选择白色,这种子会影响狗的家中,使它在炎热的天气中更凉爽。 我选择了这个,因为在实验中,t 白有最冷的温度。"
415,1516,10_27465,10,2,"白色:白色盖子有最低的温度,黑色盖子有最高的温度,所以他们会使用白色,所以当室外温度热时,狗屋的内部不会热,因为白色涂料会转移热量。"
416,297,10_26246,10,2,"黑色灰色:黑色灰色会保持狗屋温暖,b ut不太热。 這在實驗中被證明,當暗灰色是最溫暖的顏色。"
417,922,10_26871,10,2,"暗灰色:我认为颜色暗灰色会影响狗屋,使其更温暖,但不太温暖,比如果它是一个更明亮或更暗的颜色。 我认为,因为在实验中,最暗的黑色最终在53(DEG)是最热的,暗灰色在48(DEG)是第二热的,轻灰色在45(DEG)是下一个,白色在42(DEG)是最不热的。"
418,224,10_26173,10,2,"白色:如果狗屋是白色的,那狗屋的内部将保持室内温度凉爽,因为,就像在实验中一样,白色的平均值只有42(DEG)C。"
419,2011,10_27960,10,2,"白色:白色将使你的狗屋内更凉爽,而不是使用黑色等暗色,因为这将吸引更多的热量。"
420,746,10_26695,10,2,"白色:我会选择画狗屋白色。 我会画狗屋白的理由是因为狗屋的内部会更凉爽,而不是如果你画它黑色。 10分钟后使用白色时的平均空气温度为42(DEG)C,而10分钟后使用黑色时则为53(DEG)C。 这在10分钟后有11(DEG)C的压倒性差异"
421,1200,10_27149,10,2,"白色:白色会使狗屋温度最低,数据显示平均温度为42(DEG)C。 狗屋将是狗狗去的地方,当他太热。"
422,299,10_26248,10,2,"黑色灰色:我认为黑色灰色将是狗家的最佳颜色。 虽然房屋内部的温度会更温暖,但不会超热,让狗过热。 如此一来,空气不会太冷,以至于狗在晚上睡觉时会冻结。 考虑到黑色灰色内部平均为48(DEG),它看起来与白色平均为42(DEG)和黑色平均为53(DEG)相比是完美的。"
423,1135,10_27084,10,2,"白色:白色将保持狗屋在较低的温度,因为在表中它平均为42(DEG)。 黑色平均为53.25(DEG),这样一个更酷的狗房子就把它涂成白色。"
424,619,10_26568,10,2,"轻灰色:轻灰色,因为在夏天不会那么热,在夏天不会那么冷。 在结果中,轻灰的平均值为45(DEG)。"
425,651,10_26600,10,2,"黑色:黑色会使狗屋里的温度更高,然后黑色灰色变光灰色,或者白色,因为更暗的颜色会吸收更多的能量。 这是由ex periment热灯的数据支持的。 玻璃瓶内的平均温度10分钟后为黑盖53°C,玻璃瓶内的深灰盖的平均温度为48°C,玻璃瓶内的轻灰盖的平均温度10米后为45°C,白盖的平均温度10分钟后为42°C。 这个 da ta 显示的证据表明,更暗的颜色会增加 g 房子的温度。"
426,1824,10_27773,10,2,"白色:白色油漆的颜色会反射出热量,不像黑色油漆那样吸收那么多的能量,这是一个很好的油漆或夏天。 白色油漆的温度平均为4 2(DEG)C,而黑色油漆的温度平均为53(DEG)C。"
427,1606,10_27555,10,2,"白色:白色对狗屋来说会更好,它不会像黑色和暗灰色一样吸收那么多的能量。 白色 o nly 吸收了平均 42(DEG) c,而黑色吸收了平均 53(DEG) c。"
428,1031,10_26980,10,2,"易灰色:布兰迪和杰里应该画狗屋Ight灰色。 如果狗屋被涂成轻灰色,狗屋内的温度不会太热或太冷。 在结果显示 t 帽的空气温度与轻灰的盖子是 45(DEG)C,白的盖子是 42(DEG)C,和暗灰的盖子是 48(DEG)C。"
429,1761,10_27710,10,2,"黑色灰色 :: 我认为brandi和Jerry应该使用颜色黑色灰色,因为如果它的夏天和它的真正热,那么它不会是热的狗和温暖的冬天狗仍然可以蠕虫的足够是因为空气在一个罐子里,就像它显示在盖子颜色相比空气温暖的时刻在一个玻璃罐里中间的颜色不是热或温暖的我是黑暗的灰色和轻灰色,所以他们是好的,因为你不会让狗冻结到死亡和你不会想要它热"
430,818,10_26767,10,2,"黑色:黑色油漆很好地保持狗屋更温暖,因为黑色盖子被破坏了54(DEG)C,而白色油漆只有42(DEG)C,所以白色油漆和黑色油漆之间会有大约12(DEG)C的差异b。"
431,1829,10_27778,10,2,"轻灰色:我选择了轻灰色,因为如果他们生活在一个极端热的地方,它将使狗屋的i nside保持温暖。 轻灰色罐内的罐子的平均温度为45(DEG)C,所以足以让狗保持温暖,但不足以使它感到不舒服。"
432,42,10_25991,10,2,"轻灰色:轻灰色的颜色将保持狗屋温和和。 平均而言,灰色颜色的盖子从24(DEG)C到42(DEG)C(差异为21(DEG)C)。 与黑色 ed 封面相比,它从 24(DEG) C 到 53(DEG) C (差异为 29(DEG) C,这太热)。 或者是从24(DEG)C到42(DEG)C(18(DEG)C的差异)的白色色封面。 因此,灰色的屋顶对于狗屋来说是完美的。"
433,1439,10_27388,10,2,"白色:白色可能會影響狗屋內部比黑色顏色更冷,因為白色比黑色顏色更少吸引他。 这就是为什么在布兰迪和杰里的封面实验中,白色封面是最酷的黑色。"
434,229,10_26178,10,2,"白色:白色会让狗屋更凉爽,我知道这是因为当盖子颜色是白色时,平均值为42(DEG)C,而黑色平均值为53(DEG)C。"
435,952,10_26901,10,2,"黑色:黑色油漆将使狗屋的内部成为所有油漆颜色的最温暖。 在实验中,它表明,在玻璃瓶上有一个黑色盖子,平均空气温度将是53(DEG)C,而在白色盖子上,平均空气温度将是42(DEG)C。 这表明,黑色盖子使空气温暖11(DEG)C,因此黑色油漆会使狗屋内部最热。"
436,1961,10_27910,10,2,"轻灰色 :: 狗屋的最佳颜色可能是轻灰色,因为它不会太冷,也不会太热。 在数据中,它表明,光灰盖的平均温度为45(DEG)c,其他是53,48和42(DEG)c。"
437,2178,10_28127,10,2,"白色:它将使狗屋比其他任何颜色保持更凉爽,因为它保持在低40(DEG)C的温度,li ght灰色在高中40(DEG)C,暗灰色在高40(DEG)C,和黑色k在低50(DEG)C证明更轻的颜色保持空气温度更冷"
438,833,10_26782,10,2,"白色:狗屋应该是白色的,因为在阳光明媚的一天,狗屋内部的温度不会那么高,因为根据实验和数据表,“Lid 颜色与空气温度”,带有白色盖的玻璃瓶对光线的影响最小。 例如,10分钟后,带有白盖的玻璃瓶内的平均温度为42(DEG)C,而10分钟后,带有黑盖的玻璃瓶内的平均温度为53(DEG)C。"
439,239,10_26188,10,2,"暗灰色:暗灰色会影响狗屋的温度,足以使生活在其中的动物不会冻结或过热,因为实验中的暗灰色在实验中没有收集像黑色一样多的热量,所以它不会过热动物,它收集比白色或轻灰色更多的热量,所以相反的效果不会发生。"
440,515,10_26464,10,2,"如果你画狗屋白色,它会保持漂亮和凉爽,不会变得太热,因为数据表明,当它是白色的,平均温度是42(DEG)C,比其他人更冷。 当盖子是黑色的时,平均温度最高,53(DEG)C,比白盖的平均温度高11(DEG)。"
441,2105,10_28054,10,2,"白色:白色是最好的选择,因为当他们用灯进行测试时,白色盖子是最酷的,平均 t 帝国度为 42(DEG)c. 黑色盖子为 53(DEG)c,暗灰色盖子为 48(DEG)c,轻灰色盖子为 45(DEG)c. 如果他们使用黑色作为狗屋的颜色,那么如果他或她在那里呆了很长时间,狗可能会发热。 如果他们为狗屋使用暗灰色,那么他会在加热之前有更多的时间离开狗屋,但他仍然可以加热。 如果他们使用轻灰色作为狗屋的颜色,那么狗仍然会有更多的时间离开狗屋,而不是如果使用黑色或暗灰色,但他仍然有机会过热。 如果他们使用白色作为狗屋的颜色,那么狗在他或她过热之前将有最多的时间出来。"
442,1433,10_27382,10,2,"白色:白色油漆是狗屋的颜色的最佳选择,因为经过10分钟的白色盖子后,罐内的空气温度是最低的。 它似乎是光是颜色,平均温度越低,水瓶内的空气就越热10分钟。 这将是狗屋的最佳颜色,因为如果你想让你的狗在夏天更凉爽,有一个白色的狗屋会留在里面比如果有黑色油漆。"
443,1634,10_27583,10,2,"轻灰色:绘制狗屋轻灰色将使狗屋在夏天保持凉爽,但在冬天更温暖。 我知道这使用数据告诉你,玻璃瓶的颜色越轻,玻璃瓶的内部越清晰,盖子越暗,在玻璃瓶中时的 t emparature越高"
444,849,10_26798,10,2,"白色:白色将是狗屋的最佳颜色,因为颜色越轻,它会吸引的光线就越少。黑色,暗灰色,或轻灰色不会起作用的原因在表中显示平均值,黑色是53个,这只是高,暗灰色是48个,这也是相当温暖的,轻灰色是45个,那是稍微更凉爽的,即暗灰色,但厌倦了很多,然后它显示出白色,白色是42个,这是所有颜色中最酷的,所以吸引了更少的热量。"
445,391,10_26340,10,2,"狗屋的颜色应该是轻灰色,在盖子实验中使用最热的颜色是黑色,最酷的盖子是白色,我选择了轻灰色,因为你不想让狗狗在狗屋里变老,因为在thelid实验中,最冷的盖子是白色盖子,而那个盖子的平均温度是42(DEG)!所以我虽然能让狗屋里变冷,为什么不让它变轻灰色,因为轻灰色的盖子的平均温度是45(DEG)。"
446,1288,10_27237,10,2,"白色:如果狗屋被涂成白色,空气温度将低于轻灰色,暗灰色或黑色。 白色盖子罐的平均温度为42(DEG)C,轻灰色盖子的平均温度为45(DEG)C,暗灰色盖子的平均温度为48(DEG)C,黑色盖子的平均温度为53(DEG)C。"
447,1416,10_27365,10,2,"黑色:黑色会吸收更多的热量,因此让狗狗全年保持温暖。 黑盖的平均温度为53摄氏度,而所有其他颜色的平均温度为48摄氏度或更低。"
448,2171,10_28120,10,2,"照明灰色:正如布兰迪和杰里进行的实验所示,我们了解到颜色越暗,它会吸收更多的热量。 知道这一点,我们不想让狗过热,所以我们会把狗的房子涂成最轻的颜色。 在这种情况下,它是白色的。 虽然,狗,作为一个活的生物不应该太冷,因此,光灰是完美的妥协。 保持狗狗的wa rm足够,但不太热。"
449,361,10_26310,10,2,"白色:我认为布兰迪和杰里应该画狗屋白色。 我认为白色是最好的颜色,因为在结果中它表明白色收集更少的热量和能量。 这个wpuld是好的,因为如果它是阳光明媚的,狗想去一个凉爽的地方,他会有他的白狗房子,不会吸入所有的热量。"
450,1455,10_27404,10,2,"暗灰色:颜色,暗灰色,会影响狗狗,因为它会保持相当温暖的温度。 这样, Dogh Ouse 将大约为 48(DEG)。 狗屋不会太热(53(DEG) ),就像黑色一样,但狗屋不会太冷(42(DEG)),就像白色一样。"
451,844,10_26793,10,2,"白色:如果狗屋的颜色是白色的,这会让房子凉爽。 根据实验,黑色盖子在10分钟内将空气温度提高了29(DEG)C,而白色盖子只增加了18(DEG)C。"
452,934,10_26883,10,2,"轻灰色 :: 轻灰色应该是更凉爽的,因为在夏天它不会那么热,因为在数据中,平均温度为45摄氏度下降,所以它不热或冷。"
453,19,10_25968,10,2,"白色:布兰迪和杰里应该在实验中使用白色油漆,白色盖的瓶子在帝国时期增加最少。 它增加了18(DEG)C,而黑色盖子使温度重新增加了29(DEG)C,因此,应该使用白色油漆,以便狗屋子不会过热。"
454,312,10_26261,10,2,"白色:白色是绘制g房子的最佳颜色。 在实验中,白色没有吸收那么多的热量,在约42(DEG)的温度下保持。 这意味着狗屋e将保持狗狗的凉爽温度。"
455,457,10_26406,10,2,"光灰:光灰。 因为颜色不是那种黑暗的K,但不是那种光明的埃塞尔。 因为夏天通常是那么热,而在冬天它通常是那么冷的以太坊。 此外,数据摄像头的温度也表明,灰色颜色就在实验 nt 的中间(平均)。"
456,1838,10_27787,10,2,"白色 :: 我相信白色会工作最好,因为它不会像 orther 一样传递热量:例如:b缺少,龙灰色,轻灰色,所有在44和54之间很好,而whi茶涂料只有42-41和42作为"
457,109,10_26058,10,2,"黑色:黑色是绘制ghouse的最佳颜色,因为它会吸引热量并保持dogh ouse的内部温暖。 根据布兰迪和杰里的实验“盖子与空气温度”的结果,玻璃盖子保持了玻璃瓶的内部温暖,而不是其他任何颜色的盖子。 因此,黑色油漆会使狗屋的内部比其他任何颜色更温暖。"
458,1368,10_27317,10,2,"白色:绘制狗屋白色将确保狗在里面时不会太热。 白色将使狗屋的内部比任何其他颜色更凉爽。 我知道这一点,因为在实验中,白的瓶子的平均温度低于任何其他颜色的盖子。"
459,1335,10_27284,10,2,"白色:白色吸收了最少的热量,所以狗屋不会在室内过热并保持凉爽,如果有一个炎热的夏天"
460,2013,10_27962,10,2,"黑色:黑色可能会影响狗的房子,因为在黑色图表中,黑色有所有颜色的最高温度。"
461,303,10_26252,10,2,"白色:他们应该使用白色,因为白色不会那么快地加热。 10分钟后,白人的温度为42(DEG),而黑人的温度为53(DEG)。 这是一个11(DEG)的差异。 因此,狗狗的使用将保持更凉爽,如果狗屋是漆成白色。"
462,1055,10_27004,10,2,"黑色:如果你画狗屋黑色,狗屋e在冬天会稍微温暖一点,唯一不好的部分是,在夏天,狗屋里面会有点热。 我知道这在实验中变得荒谬,布兰迪和杰里说它说,黑色盖子是最热的。"
463,289,10_26238,10,2,"白色:他们应该选择白色的原因是因为它会冷却狗屋里的温度,我知道我知道他们为实验所做的数据告诉你白色比其他颜色更凉爽。"
464,863,10_26812,10,2,"黑色:这种颜色会影响狗屋内的温暖,因为在数据中,黑色颜色从52(DEG)C-54(DEG)C为n,更轻的颜色在40(DEG)C"
465,2065,10_28014,10,2,"黑色 :: 在数据表中它显示黑色油漆 wi ll保持狗屋最温暖,因为黑色吸收更多的阳光比暗灰色,轻灰色或白色油漆"
466,2029,10_27978,10,2,"他们应该使用的颜色是白色,因为C臭白色不会吸引热量非常好,因此它会让它在狗屋内部更热,结果表明,在所有试验中,Whi Te在低40年代,以及所有其他颜色,如轻灰色D黑色在高40年代和低50年代。 因此,狗的房子会用白色油漆更凉爽。"
467,1756,10_27705,10,2,"白色:我会选择黑色,因为在“Lid 颜色与空气温度玻璃桶内部”表中显示Wh ite 比黑色更冷,其余的颜色更暗。 例如,白色的平均值为42(DEG)C,黑色的平均值为5 3(DEG)C。"
468,2,10_25951,10,2,"白色:白色将反映其f的太阳光线,因为在实验室中,白色有最低的温度,黑色吸收了热量,所以它更热,如果他们有狗屋子变黑,狗会变热并死亡。 如此白"
469,1899,10_27848,10,2,"白色:颜色可能会影响狗屋,因为颜色越暗,里面越热,颜色越轻,里面越冷。 例如,当测试时,blakc获得了53(DEG)c,暗灰获得了48(DEG)c,轻灰获得了45(DEG)c,白获得了42(DEG)c。"
470,1611,10_27560,10,2,"白色:绘制狗屋白色将保持内部更凉爽,然后黑色油漆工作11(DEG)C.黑色瓶空气的平均温度为53(DEG)C,而白色瓶空气的平均温度为42(DEG)C。"
471,587,10_26536,10,2,"黑色灰色:这种颜色将允许狗屋在冬天很温暖,但在夏天足够凉爽,以保持狗狗。 黑色盖的平均温度为48(DEG)C,比最热盖的平均温度更冷5(DEG)C,这是黑色盖,因此表明狗屋将能够维持草温度。"
472,104,10_26053,10,2,"白色:它会让狗屋更凉爽,因为白色盖子比其他盖子更冷。"
473,318,10_26267,10,2,"白色:如果狗的房子是白色的,那么它将是合适的。 由于白色盖子制作了箱子42(DEG)c的内部,而b缺口盖子制作了箱子53(DEG)c的内部,所以我们知道白色 wil l使狗屋更凉爽。"
474,173,10_26122,10,2,"暗灰色:暗灰色将使狗屋的内部在冬天足够温暖,而不是在夏天热。 黑色灰色平均为48(DEG)C,而不是像黑色盖子一样热,平均为53(DEG)C,而不是像轻色灰色一样冷,平均为45(DEG)C。"
475,1610,10_27559,10,2,"白色:黑色比白色更温暖9(DEG)C。 黑色油漆会让狗屋对狗狗感到温暖。 白色油漆会更好,它会在夏天保持狗屋更凉爽。"
476,1219,10_27168,10,2,"白色:它将保持狗屋最凉爽,白色为42(DEG)C,这将防止狗过热。"
477,333,10_26282,10,2,"白色:这将使狗屋在夏天凉爽,因为在实验中,白色盖子罐的最低温度为41°C。"
478,1300,10_27249,10,2,"白色:白色对于d oghouse来说是一个很好的颜色,因为它最少加热空气。 在实验中,白色仅加热了瓶内的空气,平均为42(DEG)C,而黑色则加热了瓶内的空气,平均为53(DEG)C。"
479,1090,10_27039,10,2,"黑色:我认为黑色将是最好的油漆颜色,因为当太阳在狗屋上照耀时,它会使狗屋更温暖。 黑色的平均温度为53度,白色只有42度。 因此,黑色是绘制狗屋的最佳颜色。"
480,1992,10_27941,10,2,"白色:这种颜色会使狗屋更凉爽,所以狗在炎热的阳光下会更舒适。 根据实验,白色的盖子在所有4个盖子中有最凉爽的温度。 它是42(DEG)在白色封面试验一和54(DEG)的黑色封面试验一。"
481,2169,10_28118,10,2,"白色:白色會使狗屋內部比黑色更涼爽。 白色的平均值为42(DEG)c,黑色的平均值为53(DEG)c。"
482,1713,10_27662,10,2,"白色:我认为狗屋最好的油漆颜色是白色。 我相信,由于白色是他们所拥有的最亮的油漆颜色,所以它会让狗屋的内部更凉爽。 越是温暖,越是温暖,越是温暖。 在数据中,玻璃罐内空气的平均温度,当盖子是白色的时是42(DEG)C. 对于bl ack,他们有最暗的颜色盖子,平均空气温度为53(DEG)C。"
483,184,10_26133,10,2,"白色:白色是很好的选择,因为它会吸收更少的热量。 实验表明,白色吸收热量最少,所以它会让狗屋更凉爽。"
484,1855,10_27804,10,2,"白色:画狗屋的最佳颜色是白色,因为白色反映了太阳的热量,导致狗屋温度更冷。 我的支持我的说法是在试验1 白色盖子罐是最低的温度,因为白色盖子罐是42(DEG)C和轻灰色盖子罐是44(DEG)C和黑灰色盖子罐是48(DEG)C和黑色盖子罐是54(DEG)C在所有其他试验中,白色盖子罐是更冷的温度,然后不同颜色的盖子罐。 所以布兰迪和杰里应该选择白色来颜色狗屋,如果他们想让狗屋温度更冷,这样狗就不会过热而死。"
485,2033,10_27982,10,2,"白色:如果布兰迪和杰里植入了狗屋,那么在阳光下,狗屋将保持平均约40至45(DEG)C,因为颜色白色将阳光转移到狗屋外。"
486,1292,10_27241,10,2,白色 :: it will be the coolest one at 42(DEG)C and do gs have fur to keep them warm so you want a cool doghouse
487,1847,10_27796,10,2,"轻灰色 :: 它会让狗狗保持温暖,但不像你唱黑色或黑色灰色油漆一样热, 黑色的平均温度为53(DEG)和轻灰色油漆的平均值为45(DEG) 8(DEG)的差异。"
488,959,10_26908,10,2,"黑色:“黑色”是狗屋顶的最佳颜色,因为根据实验结果,室内空气温度高于其他同类。"
489,530,10_26479,10,2,"白色:白色盖子在42摄氏度时具有最低的温度,所以它会使狗屋分配的凉爽比比黑色盖子在53摄氏度"
490,1771,10_27720,10,2,"黑色 :: 画你的狗房子,这种颜色会影响到内部,使它变得更热的是我从图表中得到的结果和孩子们谁做了这个项目。"
491,698,10_26647,10,2,"白色:布兰迪和杰里应该设计一套狗屋,因为白色盖子的平均空气温度在罐子里只有42(DEG)C,是所有盖子中最低的温度。 也就是说,在暴露于光线时,狗屋的温度会降低,以保持狗狗的凉爽。 正如您可以看到的,白色封面中的平均空气温度仅为42(DEG)C,而黑色封面平均为53(DEG)C,这是从白色封面到黑色封面中的空气温度的明显上升11(DEG)C,因此表明在白色封面中,在暴露于光线时,白色涂料的室内空气温度将与所有测试的涂料颜色相比最低。"
492,1501,10_27450,10,2,"在那里的实验中,他们发现颜色越暗,它吸收的热量越多,所以他们应该为狗屋使用轻灰色,因为它不会吸收很多热量,它会在里面保持漂亮和凉爽,但它会吸收一些热量,但这将是正确的温度。"
493,68,10_26017,10,2,"白色:最好的颜色将是白色,如果平均白色是所有颜色中最低的温度,因此狗屋的内部会更凉爽"
494,1574,10_27523,10,2,"黑色:黑色将使狗屋更温暖,因为更暗的颜色会吸收更多的能量。"
495,285,10_26234,10,2,"黑色 :: 用黑色色作为狗屋的 ins ide 温度会比其他 co lors 的温度要热得多,因为实验中的黑色平均温度为 wa s 53(DEG)C,对于暗灰色 ave. temp。 第四十八章 天下之人,必定要去! 天,天,天,天,天,天,天,天,天,天。 是 42(DEG) C. 控制变量: temp. 在开始EXP之前。 答案:空气。 入口10分钟后。 Uder 灯具操纵: 灯具颜色"
496,1254,10_27203,10,2,"白色:因为白色不会像黑色一样吸收热量,所以狗屋子会更凉爽。 白色盖子达到42天c的平均年龄,假设为黑色的53天c。"
497,2089,10_28038,10,2,"白色:狗屋的最佳油漆颜色是白色。 在实验中,白色的平均温度为42(DEG)C,是四种颜色中最低的温度。 白色将保持狗屋凉爽。"
498,1062,10_27011,10,2,"黑色:如果你画狗屋黑色,内部的e将是热的。 因为根据实验,黑色会使事情变得热。 平均温度为 53(DEG)c 黑色 。 黑色灰色的平均值为48(DEG)C,灰色为45(DEG)C。"
499,865,10_26814,10,2,"白色:它将使狗狗在夏天更凉爽。 在每个测试中,白色盖子被证明是最凉爽的,数据表明白色有最低的温度;42为试验1,43为试验2,41为试验3和42为试验4。"
500,1565,10_27514,10,2,"白色:白色是狗的最佳颜色,因为它吸收最少的热量。 在夏天,你不会让狗屋被过热。 白色平均为42(DEG)C,而黑色为53(DEG)C,这是两种颜色之间11(DEG)C的差异。"
501,810,10_26759,10,2,"白色:白色,因为,带有白色瓶盖的罐子保持最凉爽,只有大约42(DEG)c。"
502,1268,10_27217,10,2,"白色:如果你要建一座狗屋,你不希望它变得热,所以我会选择白色。 平均为42(DEG)C,因为这是最酷的瓶子,我认为这将是狗的房子最好的。"
503,1308,10_27257,10,2,"暗灰色 :: 我选择暗灰色,因为黑色是暗 t 的颜色,从以前的实验中,它表明,更暗的颜色是更热的。 至于白色,会得到最少的热量。 我选择的黑灰色主要是因为从我的经验,狗往往是老的,所以它将是温暖的,但不太热。"
504,996,10_26945,10,2,"白色:白色将以良好的方式影响狗屋。 白色不像其他颜色一样吸收热量。 当他们做实验时,颜色白只达到42(DEG)C,而黑色达到53(DEG)C。"
505,1451,10_27400,10,2,"白色:白色油漆肯定是狗狗10分钟后最酷的温度。 在光线下是最冷的,平均为42度,比最热的黑色更冷11度,黑色油漆的空气平均为53度。"
506,2170,10_28119,10,2,"轻灰色 :: 轻灰色是我会选择狗屋内部的颜色,因为,因为黑色吸收了最多的 ener gy,内部会很热。 黑暗灰色会做与黑色相同的事情,但不会吸收那么多的能量。 Lig ht 灰色将是一个完美的颜色,不仅吸收了完美的一堆光线,内部不会像B缺少的颜色和暗灰色一样热。"
507,1137,10_27086,10,2,"黑色:黑色,因为在实验中,黑色是具有最高温度的,所以颜色越暗越黑。"
508,342,10_26291,10,2,"黑色:其他颜色在40(DEG)和50(DEG)之间,但黑色比其他颜色更热。"
509,1822,10_27771,10,2,"白色:白色会让狗屋的内部比其他类型的油漆更凉爽,因为白色封面的平均气温。 是 42(DEG) C 和黑盖的平均温度。 是53(DEG)C,这是狗感觉的11(DEG)差异。"
510,1249,10_27198,10,2,"白色是使用的最佳颜色,因为它会在白天保持狗屋内部凉爽,以便狗屋内的狗不会过热。 我知道白色会保持狗屋内部的最低温度,因为数据表显示,即白色的平均温度从10分钟的灯底下是42(DEG)C,这是最低的平均温度,而黑色的平均温度是53(DEG)C,这是最高的温度(这会导致狗屋在白天变得非常热,这对狗来说是不好的)。 所以这就是为什么白色将是狗屋的最佳油漆颜色。"
511,394,10_26343,10,2,"白色:我选择了白色,因为白色在所有4次试验中都是最酷的。 白色颜色拒绝了灯具的热量,让它保持凉爽。 在炎热的日子里,狗狗会保持凉爽。"
512,1998,10_27947,10,2,"轻灰色:颜色轻灰色可能会通过平衡户外或户外使用的空气温度来影响 doghous e。 这也可能是狗狗最舒适的温度。 由于在布兰迪和杰里的调查中,在放置在灯下10分钟后,灰色盖子瓶内的空气温度为45摄氏度。 虽然其他颜色的盖瓶温度为 ce lsius 度是:白-42,暗灰-48, &amp; 黑-53.因此,轻灰的 dogho 使用将比黑狗屋更凉 8 摄氏度,在其中我 wo uld 假设是一个更舒适的温度。"
513,1956,10_27905,10,2,白色:白色将反映更多的阳光。 Wich将使房子更冷的温度。白色是最冷的温度在 expirement.Its平均为42(DEG) wich是低温和黑色有最高温度 wich是53(DEG)平均。
514,1851,10_27800,10,2,"白色:白色油漆会使狗的房子变得越轻,颜色就越少吸收热量。 根据数据,温度的差异将是大约11摄氏度的黑色。 因此,白色的颜色会吸收更少的热量,从而产生更少的热狗屋。"
515,1875,10_27824,10,2,"轻灰色:如果狗屋是轻灰色的,空气温度不会太低,但不会太高。 与黑色相比,光灰的平均温度为8(DEG),而光灰与白色之间的差异为3(DEG)。 这样,轻灰色将完美作为一个中间。"
516,214,10_26163,10,2,"黑色 :: 我认为他们应该使用黑色狗的使用,因为因为我们生活在一个一般寒冷的区域和黑色油漆 wou ld帮助保持狗在晚上温暖,当区域是黑色的平均气温是53(DEG)c"
517,2113,10_28062,10,2,"白色:白色是因为白色比其他颜色得到的热量少。 黑色平均为53(DEG)c,黑色灰色平均为48(DEG)c,轻色灰色平均为45(DEG)c,但白色平均为42(DEG)c,所以它应该是白色。"
518,608,10_26557,10,2,"在测试结果中,平均为42(DEG)C的白色是最凉爽的,而平均为53(DEG)C的黑色是最热的。 虽然轻灰色是45(DEG)c的平均值,但它不会对狗太热或太冷。"
519,1905,10_27854,10,2,"暗灰色:如果狗屋是暗灰色的,它可能会影响狗屋的内部温度。 热被更暗的喷射所吸引,所以它会更热,但不会像黑色一样热。 实验中的DAT显示,黑色盖子平均为53(DEG)C,暗灰色盖子为48(DEG)C,轻灰色为45(DEG)C,白色盖子为42(DEG)C。"
520,238,10_26187,10,2,"黑色 :: 黑色是狗屋的最佳颜色,以保持狗屋温暖。 布兰迪和杰里的数据表明,甲壳(或在这种情况下,狗屋)的颜色越暗,空气温度越高。 在封面实验中,数据显示,黑色平均有最高的53(DEG)C数据,而其他类似的黑色灰色和轻色灰色平均为48(DEG)和45(DEG)C。"
521,511,10_26460,10,2,"黑色:如果他们使用颜色黑色,内部空气茶的温度将是最热的数据。"
522,1578,10_27527,10,2,"轻灰色:为狗屋的颜色选择轻灰色将是一个很好的颜色。 它不会对狗太热或太冷。 在实验中,黑色盖子产生了非常热的温度f 53(DEG)C. 白色盖子产生了42(DEG)C的温度。"
523,792,10_26741,10,2,"黑色:黑色将是狗的房子一个很好的颜色,因为它吸引热量,它会让狗在狗的房子温暖。 黑色颜色的平均温度为53度,最轻的颜色白色的平均温度为42度,尽管黑色更好,因为它是一个更温暖的颜色,狗应该更温暖,而不是冷。"
524,1282,10_27231,10,2,"白色:白色会降低狗屋的温度,因为黑色颜色的平均温度为53d。 白色的平均温度为42度。 这样狗屋就会更凉爽。"
525,1742,10_27691,10,2,"白色:玻璃瓶实验中的白色平均温度为42度。 这是四种颜色中最低的温度(黑色,暗灰色,轻灰色和白色e)。 使用颜色白色会反映太阳的热量,导致狗屋冷却而不是过热。 因此,创造一个安全的狗屋栖息地。"
526,602,10_26551,10,2,"黑色:这种颜色(黑色)将吸引更多的他在狗屋的内部。 我们知道这一点,因为在布拉迪和杰里实验中,瓶子侧面的t的平均值为黑色油漆的54(DEG)C和白色油漆的42(DEG)C。 所以你可以看到,如果你想让狗屋的内部保持温暖,你想把它漆成黑色。"
527,1392,10_27341,10,2,"白色 :: 染色狗屋白色将通过不让它像其他颜色一样热,给出一个 effe ct。 在实验中,他们发现白色盖子有最低的温度为42(DEG)。 黑色盖子为53(DEG),暗灰色为48(DEG),最后,轻灰色为45(DEG)。 因此,我们可以得出结论,白色吸引了太阳光,这会影响室内温度较少。"
528,250,10_26199,10,2,"黑色:好吧,黑色的色彩吸收的热量比光的能量多,所以如果你画的狗屋黑色比狗屋的内部会比白色画的狗屋的内部更温暖。 當 Br andi 和 Jerry 用黑色封面(黑色)進行實驗時,結果是低 50 的範圍,52-54 (DEG)C,但當他們使用白色封面(輕色)時,結果是低 40 的範圍,41-43 (DEG)C。"
529,1900,10_27849,10,2,"白色:我会为狗屋的颜色选择白色,因为它会让狗屋的内部更凉爽,所以在炎热的夏天,狗可以保持凉爽,而不是超热。 为什么这样做会起作用的原因在法庭上被说明。 虽然瓶子上有黑色盖子,10分钟后j的内部平均温度为53(DEG)C 当瓶子上有白色盖子时,瓶子的平均温度为42(DEG)C。 所以,如果你想狗屋是凉爽的狗,你想得到一个白色的狗屋。"
530,2141,10_28090,10,2,白色:白色將使狗屋內部在夏季或外面溫暖時更冷。 白色的平均值为42(DEG)而不是黑色的平均值为53(DEG)。
531,92,10_26041,10,2,白色:我会画狗屋白色。 最高的t温度为53(DEG)的黑盖。 这会导致狗狗过热。 最低的温度为42(DEG)的白色盖子。 这将有助于狗狗保持凉爽。 所以我会画我的狗房子白 b 因为它是11(DEG)更酷比画它黑色。
532,2134,10_28083,10,2,"黑灰色:黑灰色的狗屋将保持狗屋温暖,但在阳光下不会太热。 在实验中,带有暗灰色盖的瓶子里没有最热或最冷的空气。"
533,465,10_26414,10,2,"黑灰色 :: 狗屋的黑灰色颜色可能是b est让狗狗在冬天保持温暖与它接收的太阳,b ut在夏天不太热。 在实验中,暗灰色具有第二至最高的空气温度,48(DEG)。 黑房子可能吸收太多的热量,这对狗狗来说是不健康的。 在 investi gation 中,黑色的空气温度为 53(DEG)。 光灰色和白色油漆的颜色可能不会吸收足够的热量来保持狗的温暖,这对狗来说也是不健康的。 光 g 射线的空气温度为 45(DEG) 和白色的空气温度为 42(DEG)。 这就是为什么我会为狗屋选择黑灰色油漆。"
534,2069,10_28018,10,2,"黑色:黑色会吸收热量并保持狗屋温暖,在试验中,温度为54(DEG)cc,相对于白色,温度为42(DEG)c。"
535,2049,10_27998,10,2,"白色:白色是狗屋最好的油漆颜色,因为它会保持狗屋的内部凉爽。 白色在10分钟后达到42(DEG)C,而黑色在53(DEG)C,这证明白色颜色的油漆会让狗屋更凉爽。"
536,1460,10_27409,10,2,"白色:它会使它,所以狗狗使用的内部的空气会更冷,所以狗狗不会热。 我知道这是因为d ata显示白色的平均温度为42(DEG)c。"
537,1840,10_27789,10,2,"黑色: 黑色屋顶将保持狗屋温暖. 黑色盖的平均温度为53(DEG)C,但其下一个最高颜色的平均温度为48(DEG)C.因此,黑色屋顶将保持狗至少5(DEG)C比任何其他颜色温暖。"
538,872,10_26821,10,2,"黑色:如果使用黑色,那么狗屋的内部将有温度的增加。 根據Exp Eriment,黑色蓋子平均溫度為53(DEG)C,而白色蓋子平均溫度為42(DEG)C,因此我可以假設更暗的顏色會導致物體有更高的溫度。 这意味着黑狗屋会比白狗屋温度更高。"
539,618,10_26567,10,2,"白色:白色将使狗屋更凉爽,因为里面只有42(DEG)c,那么如果布兰迪和杰里使用黑色,它将是54(DEG)c狗屋内,因为黑色吸收光,白色反射光,所以热量不会进入狗屋内。"
540,2031,10_27980,10,2,"白色:我认为白色是因为内部会很酷,正如实验所示。 在实验中,白色盖子的最高温度为43(DEG),而作为黑人,最高温度为54(DEG),这证明白色更冷。"
541,127,10_26076,10,2,"brandi 和 jerry 应该画狗屋 L IGHT GREY 因为 dor wouldnt 热,因为他的狗屋是黑色的,它 wouldnt 得到冷或与一个非常明亮的颜色,所以 t 帽子是为什么他们 sbould 画它光灰,因为它不是光和我 ts 不是黑暗,而且实验告诉我们,平均 tempertu re 在摄氏度为光灰为45(DEG)和为黑色是53(DEG) nd一个暗灰为48(DEG)和为白色是42(DEG)光灰是他们所有的平均 e,53 (黑色) - 48 (黑色) = 5 53 (黑色) - 45 (轻灰色) = 8 和 53 (黑色) -42 (白色) = 11 轻灰色是 (8) i n 两者的中间 5 和 11"
542,1018,10_26967,10,2,"黑灰色 :: 我选择了这个颜色为狗屋,因为狗屋的细微将位于外面,你不希望狗在夜间合作! 无论如何,所有的狗狗都在狗屋里睡觉。 用不同颜色的盖子进行的实验证明,它确实对瓶内空气茶的含量产生了影响。 盖子越黑,温度越高,因为颜色越暗吸收了更多的热量。 这就是为什么我选择了黑灰色的狗屋。 所以它对狗狗来说并不太热,但如果狗狗不热,它总是可以到狗屋边睡觉。"
543,1846,10_27795,10,2,"轻灰色 :: 我认为轻灰色将是最好的涂料合作伙伴,因为它不会使狗的房子那么热,但你也不想它太冷,所以它是一个舒适的温度。"
544,2020,10_27969,10,2,"黑色:黑色是狗屋的颜色可能会影响它,使它更热(更高的温度),因为它吸收更多的光能。 在结果中,温度为53(DEG)C,而白色封面只有42(DEG)C,这表明黑色产生了最高温度(最热)。"
545,567,10_26516,10,2,"黑色:这种颜色将使狗的内部保持温暖。 黑色的色彩吸收更多的热能。 在实验中,在瓶子里,空气总是更温暖,在瓶子里有黑色盖子,而不是颜色更轻的瓶子。"
546,344,10_26293,10,2,"白色:白色,因为白色反射太阳,狗屋不会像你使用黑色一样热。 在你的数据中,它意味着在试验中,白色将是最不热的颜色。"
547,1512,10_27461,10,2,"白色:白色吸收热量较少。 如果太阳在外面,它是热的,狗屋里仍然是凉爽的。白色在低40的帝国,坐在灯下10分钟。 轻灰色在40年代中期有温度。 黑色灰色是高40的。 AND黑色低到50年代中期。"
548,1321,10_27270,10,2,"白色:白色是最好的,因为它不会像其他颜色一样热,因为最高的温度是43(DEG)c,最低的温度是41(DEG)c,所以白色是最好的。"
549,152,10_26101,10,2,"白色:通过绘制狗屋白色,狗屋的内部将是凉爽的觉醒实验的结果。 数据显示,当盖子是黑色的时,空气温度最热,而当盖子是白色的时,空气温度最冷。 因此,绘制狗屋白色会创造一个更舒适的temerpaturef或狗。"
550,1255,10_27204,10,2,"白色:在实验中,白色盖子保持了玻璃中的圆形最凉爽。 所以,如果布兰迪和杰里用白色来绘制狗狗,它会让狗狗的内部保持凉爽。"
551,1887,10_27836,10,2,"光灰色 :: 颜色会影响狗屋,因为d弓箭颜色吸收更多的光能量。 因此,轻灰色会吸收一些bu t不是很保持狗屋的内部凉爽和不是真的热(45 (DEG))"
552,124,10_26073,10,2,"黑色:狗屋应该是漆黑色,因为那么狗会在冬天保持温暖,如果他 / 她必须留在外面。 在实验中使用黑色封面时,它平均比黑色封面温暖5度,比轻灰色封面温暖8度,比白色封面温暖11度。 再者,如果狗屋是漆黑的,狗会保持温暖比如果狗屋是漆黑灰色,轻灰色或白色。"
553,1141,10_27090,10,2,"白色:有狗屋漆成白色会影响狗屋,使它吸收更少的热量,导致狗屋在夏季内。 因为在期限期内,黑帽的狂热温度为53(DEG)和白帽的平均温度为42(DEG),这是一个11(DEG)的差异。 所以画狗屋白 wo uld 是最好的绘画决定。"
554,1419,10_27368,10,2,"黑色:黑色将使狗屋在冬季保持温暖。 黑色比其他颜色更好地吸收热量。 实验结果表明,黑色更好,因为在试验中温度为54(DEG)c,黑色最冷的是52(DEG)c。 最高的温度是43(DEG)c,最低的温度是41(DEG)c,我选择了黑色,因为它会在寒冷的冬天保持狗狗最温暖。 白色不会像黑色一样温暖。"
555,1579,10_27528,10,2,"白色:白色可能影响狗屋的内部,因为它从起始温度上涨了20度。 我认为白色是最好的涂料颜色,因为它有最低的温度,它不会吸收大量的能量。"
556,1172,10_27121,10,2,"轻灰色:轻灰色最好保持内部温暖,但不太热。 在灯期过期时,它是第二个最酷的颜色。"
557,1417,10_27366,10,2,"暗灰色:暗灰色会使狗狗的空气温暖到舒适的温度,不会使它像黑色盖子一样热,也不会使它像轻型盖子一样冷。"
558,2083,10_28032,10,2,"白色:如果你设计了一个白色的狗屋,那么狗屋的可能性是更凉爽的,那么黑色,暗灰色,轻灰色的狗屋,因为颜色越暗,它会吸收更多的能量。 当他们做实验时,黑帽吸收了更多的能量,然后是所有其他人,因为它是龙的颜色,而白帽吸收了更少的能量,然后是其他人,因为它是更轻的颜色。"
559,407,10_26356,10,2,"黑色:它会使狗屋比其他任何颜色更温暖,因为在实验中,黑色盖子对玻璃瓶产生了最温暖的效果,它很可能会对狗屋产生最温暖的效果。"
560,1515,10_27464,10,2,"白色:白色会影响狗屋,因为根据实验结果,试验1说,使用黑色使内部温度为54(DEG),暗灰色使它48(DEG),轻灰色使它44(DEG),白色使它42(DEG)。 他们应该选择白色,因为它会保持狗屋最凉爽,这样狗就不会发热。"
561,320,10_26269,10,2,"白色:白色会影响狗屋,使其更凉爽,而不是那么热。 这是因为在实验中,黑色吸收了床的热量,所以它会更热,所以根据达塔的白色将使狗屋更凉爽。"
562,1573,10_27522,10,2,"白色:白色可能是狗屋的颜色。 它不会使狗屋的内部太热,因为颜色是多么明亮。 此外,在实验中,白色的气温是所有四个C气味中最低的。 42(DEG)C,43(DEG)C,41(DEG)C,和42(DEG)C.与其他颜色一样,黑色,暗灰色和轻灰色,都具有更高的温度。 温度从最高温度为54(DEG) C,颜色是黑色的不同。 至最低的 te mperature,为白色41(DEG) C。"
563,788,10_26737,10,2,"黑灰色:黑灰色对狗来说会更好,因为它不是热,但不是冷。 黑色会是ho t becuse平均为53(DEG)c,但轻灰色和白色是冷的,轻灰色的平均为45(DEG)c和白色为42(DEG)c。"
564,1666,10_27615,10,2,"白色:颜色白色可能会影响狗屋,导致空气温度在夏季较低,因为更轻的颜色吸收更少的能量,这被证明是因为黑色盖平均为53(DEG)c,白色盖平均为42(DEG)c, wich实际上比黑色盖温度要冷得多。"
565,1794,10_27743,10,2,"白色 :: 白色是最佳的颜色选择,因为平均 temputre 是 42 这样比较到黑色是 53 d og 房子会更酷与白色裤子"
566,503,10_26452,10,2,"黑色:这种颜色会使狗屋的内部比其他颜色更温暖。 黑灰的平均温度为48°C,轻灰的平均温度为45°C,白色的平均温度为42°C。"
567,1910,10_27859,10,2,"白色:白色油漆将保护狗狗从热量,因为它不那么黑暗。 从实验中可以看出,一个更黑暗的物体储存了更多的能量,导致它在空气温度下升温。"
568,2045,10_27994,10,2,"白色:他们应该选择白色,因为根据数据,白色平均温度最低为42(DEG)c,而i t是最亮的颜色。 如果他们选择黑色,狗的房子会太HOT。 我知道这一点,因为黑色具有最高的温度平均(53(DEG)c)。"
569,1894,10_27843,10,2,"白色:白色将是最好的颜色为d og房子,因为它的温度将保持狗屋最凉爽。 在实验中,白色玻璃瓶的平均值为42(DEG)C,所以最糟糕的选择是黑色。 黑色的瓶子平均为53(DEG)C,所以这是最糟糕的选择,如果它可能对狗太热。"
570,1338,10_27287,10,2,"黑色灰色 :: 这种颜色将保持温度仅 ri ght。 它不会太热或太冷。 平均值(DEG)C为48(DEG)C,最低平均值为42(DEG)C,最高平均值为53(DEG)C。"
571,309,10_26258,10,2,白色:白色吸引了最少的热量比任何其他颜色。 白色 Low 数据为 41(DEG) 和高 h 数据为 43(DEG)。
572,546,10_26495,10,2,"轻灰色:暴露于热量后,白色是最凉爽的42(DEG)C,其次是轻灰色45(DEG)C,暗灰色,然后是黑色。 通过使用轻灰色,狗屋将在夏天保持相当凉爽,不像黑色,并在寒冷的冬天吸收相当多的热量,而不是白色。"
573,193,10_26142,10,2,"白色:狗的房子不会太热。 温度将上升,但它不会上升,它将在夏天保持凉爽,他们不必担心狗屋变得热。 白色是最冷的,热量没有上升,它一直保持着相同的温度。"
574,2133,10_28082,10,2,"白色:他们应该使用白色,因为白色的平均值为42(DEG)C,黑色的平均值为53(DEG)C。"
575,387,10_26336,10,2,"黑色:黑色吸收热量,因此它会使狗屋比所有其他颜色更温暖。 这可以支持是因为黑色到达53(DEG)C,白色只有到达42(DEG)C。"
576,1155,10_27104,10,2,"白色:狗屋的颜色为白色将保持狗屋漂亮和凉爽,正如从 sc enario 表中显示的那样,当带有白色盖子的玻璃罐平均温度为 o f 42(DEG)时,与带有黑色盖子的平均温度为 53(DEG)的玻璃罐相比。"
577,148,10_26097,10,2,"黑色:如果狗屋是黑色的,那么它将是温暖的。 我知道这一点,因为带有黑盖的瓶子h的平均温度为53(DEG)c"
578,591,10_26540,10,2,"白色:白色可能使狗屋更冷的灯泡白色,在实验中,显示它会使温度增加20摄氏度,当黑色增加30摄氏度时。"
579,1099,10_27048,10,2,"黑色灰色:我会使用黑色灰色。 更暗的颜色羊毛D保持狗屋更温暖。 黑色的平均值为53(DEG),而whi te只有42(DEG)。 然而,我们必须记住,狗是生命的东西,不能过热。 黑色灰色平均为48(DEG)。 Thi s足以让狗狗保持温暖,而不加热说生物。 所以,我得出结论,我已经确定,暗灰色是最合乎逻辑的选择。"
580,1842,10_27791,10,2,"白色:我选择了白色,因为它是最酷的,狗有很多毛皮,所以他们可以在阴凉的,凉爽的狗屋里逃脱阳光。 在冬天,他们会有一条大毛衣,所以他们不需要在他们的狗屋里温暖,而且没有那么多的阳光。 如果太冷,他们可以进入屋内。"
581,349,10_26298,10,2,"黑色 :: 使用黑色油漆的狗屋 wi ll使狗屋美好和温暖的狗在寒冷的季节,当狗屋是最需要的。 由于数据,黑色封面颜色平均为53(DEG)C,这将影响狗屋,使狗屋看起来温度更高。 一个白色的盖子平均只有42(DEG)C,这对狗狗来说太冷。 这就是为什么黑狗屋是b est狗屋保持狗狗温暖的原因。"
582,1737,10_27686,10,2,"黑色:这种颜色会为狗狗提供最温暖的环境,因为黑色油漆会产生最温暖的空气温度。 在实验中,带有黑盖的瓶子r的平均值为53(DEG),比下一个highe st温度高出5(DEG)。 (八十八)"
583,1774,10_27723,10,2,"轻灰色:如果他们使用轻灰色,那么狗屋将保持更凉爽,因为如果油漆的颜色是暗的,那么它会像在灯具实验中一样吸收更多的热量。"
584,1185,10_27134,10,2,"白色:白色会以许多好方法影响狗的房子。 一种方式是,在狗屋里不会那么热,狗狗会喜欢在里面。 数据表显示了温度throu gh三方试验。 平均温度为42(DEG)c,比颜色温度更凉爽和新鲜。"
585,1731,10_27680,10,2,"白色:它将保持它最酷的所有Co lors。 白色的时差为41到43,而其他色彩在44到54(DEG)之间。"
586,132,10_26081,10,2,"轻灰色 :: 黑色颜色使事情变得非常热,但黑色达到54 * C白色颜色使事情变得有点冷,例如,它只达到43 * C颜色灰色会对狗屋内的完美影响,以确保狗不是很冷,但很热,因为例如,灰色反应到46 * C最多使它平衡到热和冷。"
587,819,10_26768,10,2,"黑色:颜色越暗,吸收的热量或光线越多,使之变得温暖。 在实验中,黑色使瓶子的空气最热。 狗屋顶部的热量会加热狗屋"
588,2036,10_27985,10,2,"白色:这种颜色对狗狗来说是很好的,因为如果狗狗需要冷却,白色会吸引更少的热量。 我知道 thi s 因为黑色的平均温度为 53(DEG),暗灰色的 t 是 48(DEG),轻灰色的它是 45(DEG)和白色的它是 42(DEG),因此白色吸引了更少的热量"
589,1673,10_27622,10,2,"白色:布兰迪和杰里应该画狗的房子,因为带有白色的盖子的罐子里有最低的温度,平均为42(DEG)C。"
590,1354,10_27303,10,2,"白色:这种颜色可能会影响狗屋,因为白色是所有颜色中最低的温度。 平均 42(DEG) C. 此外,它会在夏天保持狗屋凉爽,所以狗在夏天不会太热。"
591,2087,10_28036,10,2,"黑色:使用黑色为狗的房子会让狗的房子更温暖,因为在盖子颜色与玻璃瓶内的空气温度数据上。 黑色盖子使罐11度比白色罐 42(DEG)的温度更高,因此狗屋与黑色油漆的温度更高。"
592,536,10_26485,10,2,"白色:白色将降低狗屋旁边的温度。 在实验中,白色平均为42(DEG)C,而其他颜色平均温度较高。"
593,1734,10_27683,10,2,"白色:白色将是狗狗的最佳颜色,因为白色吸收更少的能量,这将使狗狗的房子更凉爽。 根据实验,白色的盖子有42(DEG)C的鸟狂气空气温度,而黑色的盖子平均空气温度为53(DEG)C。"
594,825,10_26774,10,2,"黑色灰色 :: 颜色黑色灰色,因为它会保持狗的房子凉爽,因为狗的平均气温。 第48章(一)"
595,1947,10_27896,10,2,"白色:白色(油漆的颜色)对狗狗的影响将是狗狗房子需要更长的时间来加热。 因此,在r的总和下,狗会更冷,更长时间。 我知道这一点,因为在实验中,白色瓶盖在每个试验中至少加热了4种颜色中最小的2(DEG)C。"
596,1093,10_27042,10,2,"白色:白色会影响狗屋内部的温度,使其更凉爽。 白色吸收更少的热量,所以它保持更多的狗屋外,使狗狗更舒适。"
597,118,10_26067,10,2,"黑色:黑色最温暖狗屋。 它达到53摄氏度,其中暗灰色=48摄氏度,lig ht灰色=45摄氏度,白色=42摄氏度。 所以黑色将是最好的Colo R"
598,616,10_26565,10,2,"白色:它会是最好的,因为它会保持狗冷,因为它有最低的平均温度。"
599,156,10_26105,10,2,"白色:白色 在实验中,初始温度为24(DEG)C,十分钟后在灯下,瓶内的空气增加了18(DEG)C。"
