,Unnamed: 0.1,Unnamed: 0,id,text,prompt,score
0,210,210,de_000813,"白色:类似于实验,一种白色油漆可能比其他颜色吸收更少的能量,从而减少辐射导致的空气温度上升。 在实验中通过灯具进行人工照明,而不是在现实中暴露在太阳中,但它可以期待类似的结果。 在实验中,可以看到,白色涂料的空气温度升高与其他测试的颜色相比是最小的(大约。 12°C 低于 10 分钟后使用黑色涂料。",10,2
1,285,285,de_000888,"白色:实验证实了男孩的假设。 盖子颜色越明亮,玻璃中的温度就越低。 因此,狗屋的白色颜色也将有助于防止它变得如此激烈。",10,2
2,191,191,de_000794,"白色:根据上述实验,建议使用明亮的颜色,因为它们反射光线和外部热量,防止它们渗透到中,增加室内温度。 黑色的颜色吸收光和外部热量,导致的内部温度显著增加。   推荐的是白色。",10,2
3,129,129,de_000732,"光灰色:光灰色只会使热,但不会太热,平均45°C,因此适合活动物。",10,1
4,227,227,de_000830,"白色:如果狗屋被涂成白色,它在阳光下不会像被涂成更黑暗时一样加热。 然而,狗屋里的温度升高不会像糖果玻璃那样极端,因为屋子前面是开放的,因此空气可以循环。",10,1
5,132,132,de_000735,"明亮灰色:明亮灰色是温暖的,不是很热,所以它是最合适的,因为45度不是那么热",10,1
6,29,29,de_000632,"黑色:即使在冬天,黑色也会使狗屋温暖。",10,1
7,24,24,de_000627,"黑色 :: 房子在夏天会暖和,在冬天可能很冷,隔离不良。",10,1
8,51,51,de_000654,"白色:我会选择更明亮的颜色,所以它不会变得如此热,因为实验中说,暗色吸收更多的能量",10,1
9,97,97,de_000700,白色:狗屋顶的白色屋顶在夏天防止室内过热。,10,1
10,106,106,de_000709,"白色:颜色越暗,吸收量越多,室内温度就越高。 白色是最小的吸收能力,黑色是最高的吸收能力。 特别是在夏天,黑色的颜色可能会被证明是不利的。",10,1
11,99,99,de_000702,白色:狗屋内的温度将是最低的。,10,1
12,79,79,de_000682,"白色:颜色越黑,温度越高",10,0
13,279,279,de_000882,"黑色:漆黑的屋顶吸收太阳能,并将其作为热量传递到内部。",10,0
14,105,105,de_000708,黑色:屋内的温度因颜色而异。,10,0
15,54,54,de_000657,"白色:颜色越黑,狗屋内的温度越高",10,0
16,265,265,de_000868,"你好,我一直不懂化学,我一直不懂化学。",10,0
17,88,88,de_000691,"暗灰色 :: 暗灰色 48, 48, 48 它允许我们在一个不那么暗的色调。",10,0
18,32,32,de_000635,"黑色 :: 必须有足够的空气在狗屋 2 空气速度必须调整 3. 它必须 uahc 不那么冷,而不是那么热在狗屋",10,0
